gap_type,student_id,office,interaction_id,weeks_elapsed,confidence,leading_signal,reason
stale_open_referral,S0081,Counseling,C00073,6,High,"referral opened, no closure recorded",Referral opened in week 1 at Counseling is still open 6 weeks later with no recorded resolution.
stale_open_referral,S0122,Counseling,C00106,6,High,"referral opened, no closure recorded",Referral opened in week 1 at Counseling is still open 6 weeks later with no recorded resolution.
stale_open_referral,S0157,Financial Aid,C00129,6,High,"referral opened, no closure recorded",Referral opened in week 1 at Financial Aid is still open 6 weeks later with no recorded resolution.
stale_open_referral,S0161,Academic Advising,C00137,6,High,"referral opened, no closure recorded",Referral opened in week 1 at Academic Advising is still open 6 weeks later with no recorded resolution.
stale_open_referral,S0216,Financial Aid,C00191,6,High,"referral opened, no closure recorded",Referral opened in week 1 at Financial Aid is still open 6 weeks later with no recorded resolution.
stale_open_referral,S0235,Residential Life,C00212,6,High,"referral opened, no closure recorded",Referral opened in week 1 at Residential Life is still open 6 weeks later with no recorded resolution.
stale_open_referral,S0239,Academic Advising,C00217,6,High,"referral opened, no closure recorded",Referral opened in week 1 at Academic Advising is still open 6 weeks later with no recorded resolution.
stale_open_referral,S0266,Counseling,C00235,6,High,"referral opened, no closure recorded",Referral opened in week 1 at Counseling is still open 6 weeks later with no recorded resolution.
stale_open_referral,S0411,Financial Aid,C00342,6,High,"referral opened, no closure recorded",Referral opened in week 1 at Financial Aid is still open 6 weeks later with no recorded resolution.
stale_open_referral,S0476,Residential Life,C00388,6,High,"referral opened, no closure recorded",Referral opened in week 1 at Residential Life is still open 6 weeks later with no recorded resolution.
stale_open_referral,S0640,Dean of Students,C00523,6,High,"referral opened, no closure recorded",Referral opened in week 1 at Dean of Students is still open 6 weeks later with no recorded resolution.
stale_open_referral,S0699,Dean of Students,C00567,6,High,"referral opened, no closure recorded",Referral opened in week 1 at Dean of Students is still open 6 weeks later with no recorded resolution.
unanswered_outreach_no_escalation,S0091,Counseling,C00082,6,High,"outreach unanswered, nothing after it","Outreach from Counseling in week 1 went unanswered, and no further contact of any kind is recorded since -- 6 weeks of silence with no escalation."
unanswered_outreach_no_escalation,S0428,Financial Aid,C00354,6,High,"outreach unanswered, nothing after it","Outreach from Financial Aid in week 1 went unanswered, and no further contact of any kind is recorded since -- 6 weeks of silence with no escalation."
unowned_handoff,S0202,Financial Aid,C00175,6,High,handoff logged with no named owner,Warm handoff at Financial Aid in week 1 has no owner assigned -- nobody on record is accountable for next contact.
unowned_handoff,S0204,Counseling,C00177,6,High,handoff logged with no named owner,Warm handoff at Counseling in week 1 has no owner assigned -- nobody on record is accountable for next contact.
unowned_handoff,S0256,Residential Life,C00226,6,High,handoff logged with no named owner,Warm handoff at Residential Life in week 1 has no owner assigned -- nobody on record is accountable for next contact.
unowned_handoff,S0444,Counseling,C00364,6,High,handoff logged with no named owner,Warm handoff at Counseling in week 1 has no owner assigned -- nobody on record is accountable for next contact.
uncoordinated_multi_office,S0081,Counseling + Residential Life,"C00073,C00070,C00072",6,High,concurrently active cases in unconnected offices,"Student has active, unresolved cases open simultaneously in 2 different offices (Counseling, Residential Life) with no indication either office is aware of the other."
uncoordinated_multi_office,S0122,Academic Advising + Counseling + Residential Life,"C00106,C00105,C00104",6,High,concurrently active cases in unconnected offices,"Student has active, unresolved cases open simultaneously in 3 different offices (Academic Advising, Counseling, Residential Life) with no indication either office is aware of the other."
uncoordinated_multi_office,S0141,Dean of Students + Financial Aid,"C00116,C00115",6,High,concurrently active cases in unconnected offices,"Student has active, unresolved cases open simultaneously in 2 different offices (Dean of Students, Financial Aid) with no indication either office is aware of the other."
uncoordinated_multi_office,S0161,Academic Advising + Residential Life,"C00137,C00135",6,High,concurrently active cases in unconnected offices,"Student has active, unresolved cases open simultaneously in 2 different offices (Academic Advising, Residential Life) with no indication either office is aware of the other."
uncoordinated_multi_office,S0202,Academic Advising + Dean of Students + Financial Aid,"C00175,C00173,C00172",6,High,concurrently active cases in unconnected offices,"Student has active, unresolved cases open simultaneously in 3 different offices (Academic Advising, Dean of Students, Financial Aid) with no indication either office is aware of the other."
uncoordinated_multi_office,S0204,Counseling + Dean of Students + Residential Life,"C00177,C00178,C00176",6,High,concurrently active cases in unconnected offices,"Student has active, unresolved cases open simultaneously in 3 different offices (Counseling, Dean of Students, Residential Life) with no indication either office is aware of the other."
uncoordinated_multi_office,S0216,Counseling + Dean of Students + Financial Aid,"C00191,C00189,C00192,C00190",6,High,concurrently active cases in unconnected offices,"Student has active, unresolved cases open simultaneously in 3 different offices (Counseling, Dean of Students, Financial Aid) with no indication either office is aware of the other."
uncoordinated_multi_office,S0239,Academic Advising + Financial Aid,"C00217,C00216,C00218",6,High,concurrently active cases in unconnected offices,"Student has active, unresolved cases open simultaneously in 2 different offices (Academic Advising, Financial Aid) with no indication either office is aware of the other."
uncoordinated_multi_office,S0256,Counseling + Residential Life,"C00226,C00227",6,High,concurrently active cases in unconnected offices,"Student has active, unresolved cases open simultaneously in 2 different offices (Counseling, Residential Life) with no indication either office is aware of the other."
uncoordinated_multi_office,S0444,Academic Advising + Counseling,"C00364,C00366",6,High,concurrently active cases in unconnected offices,"Student has active, unresolved cases open simultaneously in 2 different offices (Academic Advising, Counseling) with no indication either office is aware of the other."
uncoordinated_multi_office,S0476,Financial Aid + Residential Life,"C00388,C00386,C00387",6,High,concurrently active cases in unconnected offices,"Student has active, unresolved cases open simultaneously in 2 different offices (Financial Aid, Residential Life) with no indication either office is aware of the other."
uncoordinated_multi_office,S0555,Dean of Students + Financial Aid,"C00578,C00457",6,High,concurrently active cases in unconnected offices,"Student has active, unresolved cases open simultaneously in 2 different offices (Dean of Students, Financial Aid) with no indication either office is aware of the other."
uncoordinated_multi_office,S0664,Academic Advising + Residential Life,"C00539,C00538",6,High,concurrently active cases in unconnected offices,"Student has active, unresolved cases open simultaneously in 2 different offices (Academic Advising, Residential Life) with no indication either office is aware of the other."
uncoordinated_multi_office,S0699,Dean of Students + Financial Aid,"C00567,C00565",6,High,concurrently active cases in unconnected offices,"Student has active, unresolved cases open simultaneously in 2 different offices (Dean of Students, Financial Aid) with no indication either office is aware of the other."
stale_open_referral,S0001,Financial Aid,C00001,5,High,"referral opened, no closure recorded",Referral opened in week 2 at Financial Aid is still open 5 weeks later with no recorded resolution.
stale_open_referral,S0020,Counseling,C00027,5,High,"referral opened, no closure recorded",Referral opened in week 2 at Counseling is still open 5 weeks later with no recorded resolution.
stale_open_referral,S0134,Financial Aid,C00110,5,High,"referral opened, no closure recorded",Referral opened in week 2 at Financial Aid is still open 5 weeks later with no recorded resolution.
stale_open_referral,S0174,Residential Life,C00147,5,High,"referral opened, no closure recorded",Referral opened in week 2 at Residential Life is still open 5 weeks later with no recorded resolution.
stale_open_referral,S0186,Financial Aid,C00158,5,High,"referral opened, no closure recorded",Referral opened in week 2 at Financial Aid is still open 5 weeks later with no recorded resolution.
stale_open_referral,S0198,Residential Life,C00167,5,High,"referral opened, no closure recorded",Referral opened in week 2 at Residential Life is still open 5 weeks later with no recorded resolution.
stale_open_referral,S0198,Financial Aid,C00168,5,High,"referral opened, no closure recorded",Referral opened in week 2 at Financial Aid is still open 5 weeks later with no recorded resolution.
stale_open_referral,S0264,Academic Advising,C00233,5,High,"referral opened, no closure recorded",Referral opened in week 2 at Academic Advising is still open 5 weeks later with no recorded resolution.
stale_open_referral,S0360,Academic Advising,C00312,5,High,"referral opened, no closure recorded",Referral opened in week 2 at Academic Advising is still open 5 weeks later with no recorded resolution.
stale_open_referral,S0515,Counseling,C00416,5,High,"referral opened, no closure recorded",Referral opened in week 2 at Counseling is still open 5 weeks later with no recorded resolution.
stale_open_referral,S0528,Dean of Students,C00431,5,High,"referral opened, no closure recorded",Referral opened in week 2 at Dean of Students is still open 5 weeks later with no recorded resolution.
stale_open_referral,S0587,Residential Life,C00480,5,High,"referral opened, no closure recorded",Referral opened in week 2 at Residential Life is still open 5 weeks later with no recorded resolution.
stale_open_referral,S0591,Counseling,C00482,5,High,"referral opened, no closure recorded",Referral opened in week 2 at Counseling is still open 5 weeks later with no recorded resolution.
stale_open_referral,S0617,Academic Advising,C00500,5,High,"referral opened, no closure recorded",Referral opened in week 2 at Academic Advising is still open 5 weeks later with no recorded resolution.
unanswered_outreach_no_escalation,S0334,Counseling,C00293,5,High,"outreach unanswered, nothing after it","Outreach from Counseling in week 2 went unanswered, and no further contact of any kind is recorded since -- 5 weeks of silence with no escalation."
unanswered_outreach_no_escalation,S0513,Dean of Students,C00414,5,High,"outreach unanswered, nothing after it","Outreach from Dean of Students in week 2 went unanswered, and no further contact of any kind is recorded since -- 5 weeks of silence with no escalation."
unanswered_outreach_no_escalation,S0555,Dean of Students,C00457,5,High,"outreach unanswered, nothing after it","Outreach from Dean of Students in week 2 went unanswered, and no further contact of any kind is recorded since -- 5 weeks of silence with no escalation."
unowned_handoff,S0216,Counseling,C00189,5,High,handoff logged with no named owner,Warm handoff at Counseling in week 2 has no owner assigned -- nobody on record is accountable for next contact.
unowned_handoff,S0334,Residential Life,C00294,5,High,handoff logged with no named owner,Warm handoff at Residential Life in week 2 has no owner assigned -- nobody on record is accountable for next contact.
unowned_handoff,S0435,Counseling,C00361,5,High,handoff logged with no named owner,Warm handoff at Counseling in week 2 has no owner assigned -- nobody on record is accountable for next contact.
uncoordinated_multi_office,S0020,Counseling + Financial Aid,"C00027,C00024,C00025",5,High,concurrently active cases in unconnected offices,"Student has active, unresolved cases open simultaneously in 2 different offices (Counseling, Financial Aid) with no indication either office is aware of the other."
uncoordinated_multi_office,S0036,Dean of Students + Financial Aid,"C00040,C00041",5,High,concurrently active cases in unconnected offices,"Student has active, unresolved cases open simultaneously in 2 different offices (Dean of Students, Financial Aid) with no indication either office is aware of the other."
uncoordinated_multi_office,S0052,Dean of Students + Financial Aid + Residential Life,"C00051,C00052,C00053,C00050",5,High,concurrently active cases in unconnected offices,"Student has active, unresolved cases open simultaneously in 3 different offices (Dean of Students, Financial Aid, Residential Life) with no indication either office is aware of the other."
uncoordinated_multi_office,S0134,Academic Advising + Financial Aid,"C00111,C00110",5,High,concurrently active cases in unconnected offices,"Student has active, unresolved cases open simultaneously in 2 different offices (Academic Advising, Financial Aid) with no indication either office is aware of the other."
uncoordinated_multi_office,S0160,Academic Advising + Residential Life,"C00131,C00133,C00132",5,High,concurrently active cases in unconnected offices,"Student has active, unresolved cases open simultaneously in 2 different offices (Academic Advising, Residential Life) with no indication either office is aware of the other."
uncoordinated_multi_office,S0198,Financial Aid + Residential Life,"C00167,C00168,C00165",5,High,concurrently active cases in unconnected offices,"Student has active, unresolved cases open simultaneously in 2 different offices (Financial Aid, Residential Life) with no indication either office is aware of the other."
uncoordinated_multi_office,S0238,Academic Advising + Dean of Students + Residential Life,"C00214,C00213,C00215",5,High,concurrently active cases in unconnected offices,"Student has active, unresolved cases open simultaneously in 3 different offices (Academic Advising, Dean of Students, Residential Life) with no indication either office is aware of the other."
uncoordinated_multi_office,S0264,Academic Advising + Financial Aid,"C00233,C00231",5,High,concurrently active cases in unconnected offices,"Student has active, unresolved cases open simultaneously in 2 different offices (Academic Advising, Financial Aid) with no indication either office is aware of the other."
uncoordinated_multi_office,S0293,Financial Aid + Residential Life,"C00258,C00256,C00259",5,High,concurrently active cases in unconnected offices,"Student has active, unresolved cases open simultaneously in 2 different offices (Financial Aid, Residential Life) with no indication either office is aware of the other."
uncoordinated_multi_office,S0322,Counseling + Financial Aid,"C00282,C00283",5,High,concurrently active cases in unconnected offices,"Student has active, unresolved cases open simultaneously in 2 different offices (Counseling, Financial Aid) with no indication either office is aware of the other."
uncoordinated_multi_office,S0334,Counseling + Residential Life,"C00294,C00293",5,High,concurrently active cases in unconnected offices,"Student has active, unresolved cases open simultaneously in 2 different offices (Counseling, Residential Life) with no indication either office is aware of the other."
uncoordinated_multi_office,S0360,Academic Advising + Dean of Students,"C00312,C00310",5,High,concurrently active cases in unconnected offices,"Student has active, unresolved cases open simultaneously in 2 different offices (Academic Advising, Dean of Students) with no indication either office is aware of the other."
uncoordinated_multi_office,S0435,Academic Advising + Counseling,"C00361,C00363",5,High,concurrently active cases in unconnected offices,"Student has active, unresolved cases open simultaneously in 2 different offices (Academic Advising, Counseling) with no indication either office is aware of the other."
uncoordinated_multi_office,S0528,Academic Advising + Dean of Students + Financial Aid,"C00431,C00430,C00432",5,High,concurrently active cases in unconnected offices,"Student has active, unresolved cases open simultaneously in 3 different offices (Academic Advising, Dean of Students, Financial Aid) with no indication either office is aware of the other."
uncoordinated_multi_office,S0563,Dean of Students + Residential Life,"C00468,C00467",5,High,concurrently active cases in unconnected offices,"Student has active, unresolved cases open simultaneously in 2 different offices (Dean of Students, Residential Life) with no indication either office is aware of the other."
uncoordinated_multi_office,S0598,Dean of Students + Residential Life,"C00489,C00487,C00488",5,High,concurrently active cases in unconnected offices,"Student has active, unresolved cases open simultaneously in 2 different offices (Dean of Students, Residential Life) with no indication either office is aware of the other."
uncoordinated_multi_office,S0617,Academic Advising + Dean of Students,"C00500,C00502",5,High,concurrently active cases in unconnected offices,"Student has active, unresolved cases open simultaneously in 2 different offices (Academic Advising, Dean of Students) with no indication either office is aware of the other."
uncoordinated_multi_office,S0671,Financial Aid + Residential Life,"C00541,C00542",5,High,concurrently active cases in unconnected offices,"Student has active, unresolved cases open simultaneously in 2 different offices (Financial Aid, Residential Life) with no indication either office is aware of the other."
uncoordinated_multi_office,S0674,Dean of Students + Residential Life,"C00548,C00549",5,High,concurrently active cases in unconnected offices,"Student has active, unresolved cases open simultaneously in 2 different offices (Dean of Students, Residential Life) with no indication either office is aware of the other."
stale_open_referral,S0052,Dean of Students,C00052,4,High,"referral opened, no closure recorded",Referral opened in week 3 at Dean of Students is still open 4 weeks later with no recorded resolution.
stale_open_referral,S0198,Residential Life,C00165,4,High,"referral opened, no closure recorded",Referral opened in week 3 at Residential Life is still open 4 weeks later with no recorded resolution.
stale_open_referral,S0216,Financial Aid,C00192,4,High,"referral opened, no closure recorded",Referral opened in week 3 at Financial Aid is still open 4 weeks later with no recorded resolution.
stale_open_referral,S0230,Financial Aid,C00210,4,High,"referral opened, no closure recorded",Referral opened in week 3 at Financial Aid is still open 4 weeks later with no recorded resolution.
stale_open_referral,S0239,Financial Aid,C00216,4,High,"referral opened, no closure recorded",Referral opened in week 3 at Financial Aid is still open 4 weeks later with no recorded resolution.
stale_open_referral,S0293,Financial Aid,C00256,4,High,"referral opened, no closure recorded",Referral opened in week 3 at Financial Aid is still open 4 weeks later with no recorded resolution.
stale_open_referral,S0358,Dean of Students,C00308,4,High,"referral opened, no closure recorded",Referral opened in week 3 at Dean of Students is still open 4 weeks later with no recorded resolution.
stale_open_referral,S0385,Dean of Students,C00328,4,High,"referral opened, no closure recorded",Referral opened in week 3 at Dean of Students is still open 4 weeks later with no recorded resolution.
stale_open_referral,S0671,Residential Life,C00542,4,High,"referral opened, no closure recorded",Referral opened in week 3 at Residential Life is still open 4 weeks later with no recorded resolution.
stale_open_referral,S0699,Financial Aid,C00565,4,High,"referral opened, no closure recorded",Referral opened in week 3 at Financial Aid is still open 4 weeks later with no recorded resolution.
unanswered_outreach_no_escalation,S0150,Dean of Students,C00124,4,High,"outreach unanswered, nothing after it","Outreach from Dean of Students in week 3 went unanswered, and no further contact of any kind is recorded since -- 4 weeks of silence with no escalation."
unanswered_outreach_no_escalation,S0167,Academic Advising,C00141,4,High,"outreach unanswered, nothing after it","Outreach from Academic Advising in week 3 went unanswered, and no further contact of any kind is recorded since -- 4 weeks of silence with no escalation."
unanswered_outreach_no_escalation,S0186,Financial Aid,C00157,4,High,"outreach unanswered, nothing after it","Outreach from Financial Aid in week 3 went unanswered, and no further contact of any kind is recorded since -- 4 weeks of silence with no escalation."
unanswered_outreach_no_escalation,S0216,Dean of Students,C00190,4,High,"outreach unanswered, nothing after it","Outreach from Dean of Students in week 3 went unanswered, and no further contact of any kind is recorded since -- 4 weeks of silence with no escalation."
unanswered_outreach_no_escalation,S0497,Residential Life,C00403,4,High,"outreach unanswered, nothing after it","Outreach from Residential Life in week 3 went unanswered, and no further contact of any kind is recorded since -- 4 weeks of silence with no escalation."
unanswered_outreach_no_escalation,S0601,Dean of Students,C00490,4,High,"outreach unanswered, nothing after it","Outreach from Dean of Students in week 3 went unanswered, and no further contact of any kind is recorded since -- 4 weeks of silence with no escalation."
unowned_handoff,S0211,Residential Life,C00185,4,High,handoff logged with no named owner,Warm handoff at Residential Life in week 3 has no owner assigned -- nobody on record is accountable for next contact.
unowned_handoff,S0476,Financial Aid,C00386,4,High,handoff logged with no named owner,Warm handoff at Financial Aid in week 3 has no owner assigned -- nobody on record is accountable for next contact.
unowned_handoff,S0537,Dean of Students,C00443,4,High,handoff logged with no named owner,Warm handoff at Dean of Students in week 3 has no owner assigned -- nobody on record is accountable for next contact.
unowned_handoff,S0605,Academic Advising,C00496,4,High,handoff logged with no named owner,Warm handoff at Academic Advising in week 3 has no owner assigned -- nobody on record is accountable for next contact.
uncoordinated_multi_office,S0211,Academic Advising + Residential Life,"C00185,C00186",4,High,concurrently active cases in unconnected offices,"Student has active, unresolved cases open simultaneously in 2 different offices (Academic Advising, Residential Life) with no indication either office is aware of the other."
uncoordinated_multi_office,S0222,Academic Advising + Counseling + Dean of Students + Residential Life,"C00199,C00198,C00200,C00201",4,High,concurrently active cases in unconnected offices,"Student has active, unresolved cases open simultaneously in 4 different offices (Academic Advising, Counseling, Dean of Students, Residential Life) with no indication either office is aware of the other."
uncoordinated_multi_office,S0385,Academic Advising + Dean of Students,"C00326,C00328",4,High,concurrently active cases in unconnected offices,"Student has active, unresolved cases open simultaneously in 2 different offices (Academic Advising, Dean of Students) with no indication either office is aware of the other."
uncoordinated_multi_office,S0407,Counseling + Financial Aid + Residential Life,"C00340,C00339,C00338,C00341",4,High,concurrently active cases in unconnected offices,"Student has active, unresolved cases open simultaneously in 3 different offices (Counseling, Financial Aid, Residential Life) with no indication either office is aware of the other."
uncoordinated_multi_office,S0455,Academic Advising + Counseling,"C00379,C00378",4,High,concurrently active cases in unconnected offices,"Student has active, unresolved cases open simultaneously in 2 different offices (Academic Advising, Counseling) with no indication either office is aware of the other."
uncoordinated_multi_office,S0537,Dean of Students + Residential Life,"C00443,C00442",4,High,concurrently active cases in unconnected offices,"Student has active, unresolved cases open simultaneously in 2 different offices (Dean of Students, Residential Life) with no indication either office is aware of the other."
uncoordinated_multi_office,S0605,Academic Advising + Counseling + Dean of Students,"C00496,C00493,C00495,C00494",4,High,concurrently active cases in unconnected offices,"Student has active, unresolved cases open simultaneously in 3 different offices (Academic Advising, Counseling, Dean of Students) with no indication either office is aware of the other."
unowned_handoff,S0027,Financial Aid,C00031,2,High,handoff logged with no named owner,Warm handoff at Financial Aid in week 5 has no owner assigned -- nobody on record is accountable for next contact.
unowned_handoff,S0052,Residential Life,C00050,2,High,handoff logged with no named owner,Warm handoff at Residential Life in week 5 has no owner assigned -- nobody on record is accountable for next contact.
unowned_handoff,S0061,Counseling,C00057,2,High,handoff logged with no named owner,Warm handoff at Counseling in week 5 has no owner assigned -- nobody on record is accountable for next contact.
unowned_handoff,S0157,Financial Aid,C00128,2,High,handoff logged with no named owner,Warm handoff at Financial Aid in week 5 has no owner assigned -- nobody on record is accountable for next contact.
unowned_handoff,S0563,Residential Life,C00467,2,High,handoff logged with no named owner,Warm handoff at Residential Life in week 5 has no owner assigned -- nobody on record is accountable for next contact.
unowned_handoff,S0574,Dean of Students,C00477,2,High,handoff logged with no named owner,Warm handoff at Dean of Students in week 5 has no owner assigned -- nobody on record is accountable for next contact.
stale_open_referral,S0020,Financial Aid,C00025,3,Medium,"referral opened, no closure recorded",Referral opened in week 4 at Financial Aid is still open 3 weeks later with no recorded resolution.
stale_open_referral,S0052,Dean of Students,C00053,3,Medium,"referral opened, no closure recorded",Referral opened in week 4 at Dean of Students is still open 3 weeks later with no recorded resolution.
stale_open_referral,S0069,Residential Life,C00065,3,Medium,"referral opened, no closure recorded",Referral opened in week 4 at Residential Life is still open 3 weeks later with no recorded resolution.
stale_open_referral,S0148,Dean of Students,C00123,3,Medium,"referral opened, no closure recorded",Referral opened in week 4 at Dean of Students is still open 3 weeks later with no recorded resolution.
stale_open_referral,S0174,Residential Life,C00146,3,Medium,"referral opened, no closure recorded",Referral opened in week 4 at Residential Life is still open 3 weeks later with no recorded resolution.
stale_open_referral,S0202,Academic Advising,C00173,3,Medium,"referral opened, no closure recorded",Referral opened in week 4 at Academic Advising is still open 3 weeks later with no recorded resolution.
stale_open_referral,S0222,Academic Advising,C00198,3,Medium,"referral opened, no closure recorded",Referral opened in week 4 at Academic Advising is still open 3 weeks later with no recorded resolution.
stale_open_referral,S0238,Dean of Students,C00213,3,Medium,"referral opened, no closure recorded",Referral opened in week 4 at Dean of Students is still open 3 weeks later with no recorded resolution.
stale_open_referral,S0239,Academic Advising,C00218,3,Medium,"referral opened, no closure recorded",Referral opened in week 4 at Academic Advising is still open 3 weeks later with no recorded resolution.
stale_open_referral,S0246,Academic Advising,C00219,3,Medium,"referral opened, no closure recorded",Referral opened in week 4 at Academic Advising is still open 3 weeks later with no recorded resolution.
stale_open_referral,S0344,Dean of Students,C00300,3,Medium,"referral opened, no closure recorded",Referral opened in week 4 at Dean of Students is still open 3 weeks later with no recorded resolution.
stale_open_referral,S0446,Dean of Students,C00371,3,Medium,"referral opened, no closure recorded",Referral opened in week 4 at Dean of Students is still open 3 weeks later with no recorded resolution.
stale_open_referral,S0498,Dean of Students,C00406,3,Medium,"referral opened, no closure recorded",Referral opened in week 4 at Dean of Students is still open 3 weeks later with no recorded resolution.
stale_open_referral,S0605,Counseling,C00493,3,Medium,"referral opened, no closure recorded",Referral opened in week 4 at Counseling is still open 3 weeks later with no recorded resolution.
stale_open_referral,S0695,Financial Aid,C00564,3,Medium,"referral opened, no closure recorded",Referral opened in week 4 at Financial Aid is still open 3 weeks later with no recorded resolution.
unanswered_outreach_no_escalation,S0036,Financial Aid,C00041,3,Medium,"outreach unanswered, nothing after it","Outreach from Financial Aid in week 4 went unanswered, and no further contact of any kind is recorded since -- 3 weeks of silence with no escalation."
unanswered_outreach_no_escalation,S0085,Counseling,C00078,3,Medium,"outreach unanswered, nothing after it","Outreach from Counseling in week 4 went unanswered, and no further contact of any kind is recorded since -- 3 weeks of silence with no escalation."
unanswered_outreach_no_escalation,S0120,Academic Advising,C00098,3,Medium,"outreach unanswered, nothing after it","Outreach from Academic Advising in week 4 went unanswered, and no further contact of any kind is recorded since -- 3 weeks of silence with no escalation."
unanswered_outreach_no_escalation,S0256,Counseling,C00227,3,Medium,"outreach unanswered, nothing after it","Outreach from Counseling in week 4 went unanswered, and no further contact of any kind is recorded since -- 3 weeks of silence with no escalation."
unanswered_outreach_no_escalation,S0259,Financial Aid,C00230,3,Medium,"outreach unanswered, nothing after it","Outreach from Financial Aid in week 4 went unanswered, and no further contact of any kind is recorded since -- 3 weeks of silence with no escalation."
unanswered_outreach_no_escalation,S0297,Residential Life,C00264,3,Medium,"outreach unanswered, nothing after it","Outreach from Residential Life in week 4 went unanswered, and no further contact of any kind is recorded since -- 3 weeks of silence with no escalation."
unanswered_outreach_no_escalation,S0352,Academic Advising,C00304,3,Medium,"outreach unanswered, nothing after it","Outreach from Academic Advising in week 4 went unanswered, and no further contact of any kind is recorded since -- 3 weeks of silence with no escalation."
uncoordinated_multi_office,S0446,Dean of Students + Residential Life,"C00371,C00369",3,Medium,concurrently active cases in unconnected offices,"Student has active, unresolved cases open simultaneously in 2 different offices (Dean of Students, Residential Life) with no indication either office is aware of the other."
uncoordinated_multi_office,S0498,Academic Advising + Counseling + Dean of Students,"C00406,C00407,C00404,C00405",3,Medium,concurrently active cases in unconnected offices,"Student has active, unresolved cases open simultaneously in 3 different offices (Academic Advising, Counseling, Dean of Students) with no indication either office is aware of the other."
uncoordinated_multi_office,S0557,Dean of Students + Residential Life,"C00461,C00460",3,Medium,concurrently active cases in unconnected offices,"Student has active, unresolved cases open simultaneously in 2 different offices (Dean of Students, Residential Life) with no indication either office is aware of the other."
unanswered_outreach_no_escalation,S0222,Dean of Students,C00200,2,Medium,"outreach unanswered, nothing after it","Outreach from Dean of Students in week 5 went unanswered, and no further contact of any kind is recorded since -- 2 weeks of silence with no escalation."
unanswered_outreach_no_escalation,S0227,Residential Life,C00208,2,Medium,"outreach unanswered, nothing after it","Outreach from Residential Life in week 5 went unanswered, and no further contact of any kind is recorded since -- 2 weeks of silence with no escalation."
unanswered_outreach_no_escalation,S0444,Academic Advising,C00366,2,Medium,"outreach unanswered, nothing after it","Outreach from Academic Advising in week 5 went unanswered, and no further contact of any kind is recorded since -- 2 weeks of silence with no escalation."
unanswered_outreach_no_escalation,S0547,Financial Aid,C00451,2,Medium,"outreach unanswered, nothing after it","Outreach from Financial Aid in week 5 went unanswered, and no further contact of any kind is recorded since -- 2 weeks of silence with no escalation."
unanswered_outreach_no_escalation,S0568,Academic Advising,C00472,2,Medium,"outreach unanswered, nothing after it","Outreach from Academic Advising in week 5 went unanswered, and no further contact of any kind is recorded since -- 2 weeks of silence with no escalation."
unanswered_outreach_no_escalation,S0598,Residential Life,C00488,2,Medium,"outreach unanswered, nothing after it","Outreach from Residential Life in week 5 went unanswered, and no further contact of any kind is recorded since -- 2 weeks of silence with no escalation."
unanswered_outreach_no_escalation,S0605,Counseling,C00495,2,Medium,"outreach unanswered, nothing after it","Outreach from Counseling in week 5 went unanswered, and no further contact of any kind is recorded since -- 2 weeks of silence with no escalation."
unanswered_outreach_no_escalation,S0605,Dean of Students,C00494,2,Medium,"outreach unanswered, nothing after it","Outreach from Dean of Students in week 5 went unanswered, and no further contact of any kind is recorded since -- 2 weeks of silence with no escalation."
unanswered_outreach_no_escalation,S0633,Dean of Students,C00518,2,Medium,"outreach unanswered, nothing after it","Outreach from Dean of Students in week 5 went unanswered, and no further contact of any kind is recorded since -- 2 weeks of silence with no escalation."
uncoordinated_multi_office,S0028,Counseling + Dean of Students + Financial Aid,"C00034,C00032,C00033",2,Medium,concurrently active cases in unconnected offices,"Student has active, unresolved cases open simultaneously in 3 different offices (Counseling, Dean of Students, Financial Aid) with no indication either office is aware of the other."
uncoordinated_multi_office,S0217,Dean of Students + Residential Life,"C00193,C00196,C00194",2,Medium,concurrently active cases in unconnected offices,"Student has active, unresolved cases open simultaneously in 2 different offices (Dean of Students, Residential Life) with no indication either office is aware of the other."
uncoordinated_multi_office,S0365,Dean of Students + Residential Life,"C00314,C00315",2,Medium,concurrently active cases in unconnected offices,"Student has active, unresolved cases open simultaneously in 2 different offices (Dean of Students, Residential Life) with no indication either office is aware of the other."
unowned_handoff,S0266,Counseling,C00236,1,Medium,handoff logged with no named owner,Warm handoff at Counseling in week 6 has no owner assigned -- nobody on record is accountable for next contact.
uncoordinated_multi_office,S0007,Counseling + Financial Aid,"C00011,C00009",1,Medium,concurrently active cases in unconnected offices,"Student has active, unresolved cases open simultaneously in 2 different offices (Counseling, Financial Aid) with no indication either office is aware of the other."
uncoordinated_multi_office,S0181,Counseling + Dean of Students,"C00156,C00155",1,Medium,concurrently active cases in unconnected offices,"Student has active, unresolved cases open simultaneously in 2 different offices (Counseling, Dean of Students) with no indication either office is aware of the other."
uncoordinated_multi_office,S0306,Dean of Students + Residential Life,"C00270,C00269",1,Medium,concurrently active cases in unconnected offices,"Student has active, unresolved cases open simultaneously in 2 different offices (Dean of Students, Residential Life) with no indication either office is aware of the other."
unowned_handoff,S0217,Residential Life,C00194,0,Medium,handoff logged with no named owner,Warm handoff at Residential Life in week 7 has no owner assigned -- nobody on record is accountable for next contact.
unowned_handoff,S0293,Residential Life,C00259,0,Medium,handoff logged with no named owner,Warm handoff at Residential Life in week 7 has no owner assigned -- nobody on record is accountable for next contact.
uncoordinated_multi_office,S0692,Counseling + Financial Aid,"C00563,C00561",0,Medium,concurrently active cases in unconnected offices,"Student has active, unresolved cases open simultaneously in 2 different offices (Counseling, Financial Aid) with no indication either office is aware of the other."
