student_id,week_number,survey_submitted,belonging_score,peer_interaction_count
S0001,1,True,4.3,4
S0001,2,False,,
S0001,3,True,4.2,2
S0001,4,True,4.4,3
S0001,5,True,4.3,3
S0001,6,True,4.3,1
S0001,7,True,3.4,2
S0002,1,False,,
S0002,2,False,,
S0002,3,True,3.1,6
S0002,4,False,,
S0002,5,False,,
S0002,6,True,3.0,7
S0002,7,False,,
S0003,1,True,3.8,1
S0003,2,True,4.6,0
S0003,3,False,,
S0003,4,True,3.9,2
S0003,5,False,,
S0003,6,True,3.4,2
S0003,7,False,,
S0004,1,True,2.4,0
S0004,2,True,2.4,0
S0004,3,True,2.1,0
S0004,4,True,2.5,0
S0004,5,True,2.5,0
S0004,6,True,2.3,0
S0004,7,True,2.3,0
S0005,1,False,,
S0005,2,True,2.6,5
S0005,3,True,3.1,6
S0005,4,False,,
S0005,5,True,2.9,5
S0005,6,True,3.4,8
S0005,7,True,2.8,7
S0006,1,True,3.4,4
S0006,2,True,3.4,4
S0006,3,False,,
S0006,4,True,2.8,3
S0006,5,True,3.6,4
S0006,6,False,,
S0006,7,False,,
S0007,1,True,3.9,5
S0007,2,True,3.6,3
S0007,3,True,3.7,4
S0007,4,False,,
S0007,5,True,3.4,3
S0007,6,True,3.3,4
S0007,7,False,,
S0008,1,False,,
S0008,2,False,,
S0008,3,True,3.8,3
S0008,4,True,3.1,3
S0008,5,True,3.0,2
S0008,6,False,,
S0008,7,False,,
S0009,1,True,5.0,6
S0009,2,True,4.4,5
S0009,3,False,,
S0009,4,True,3.7,4
S0009,5,False,,
S0009,6,True,4.3,0
S0009,7,False,,
S0010,1,True,2.5,3
S0010,2,False,,
S0010,3,True,1.9,3
S0010,4,False,,
S0010,5,False,,
S0010,6,False,,
S0010,7,False,,
S0011,1,True,3.9,6
S0011,2,True,4.1,6
S0011,3,False,,
S0011,4,True,4.3,7
S0011,5,False,,
S0011,6,False,,
S0011,7,True,4.2,6
S0012,1,True,2.5,3
S0012,2,True,2.8,2
S0012,3,True,2.4,3
S0012,4,True,2.6,2
S0012,5,True,2.3,3
S0012,6,True,1.5,3
S0012,7,True,2.5,3
S0013,1,False,,
S0013,2,False,,
S0013,3,True,4.3,8
S0013,4,True,3.9,8
S0013,5,False,,
S0013,6,False,,
S0013,7,True,5,8
S0014,1,False,,
S0014,2,True,3.9,4
S0014,3,True,4.1,5
S0014,4,False,,
S0014,5,False,,
S0014,6,True,4.3,3
S0014,7,True,4.5,4
S0015,1,False,,
S0015,2,True,4.3,7
S0015,3,True,4.6,6
S0015,4,True,4.3,7
S0015,5,True,4.3,6
S0015,6,True,4.4,4
S0015,7,True,4.8,5
S0016,1,False,,
S0016,2,True,3.3,5
S0016,3,False,,
S0016,4,True,3.0,4
S0016,5,True,2.7,5
S0016,6,False,,
S0016,7,False,,
S0017,1,True,3.6,6
S0017,2,True,3.1,7
S0017,3,True,3.5,5
S0017,4,True,3.4,5
S0017,5,True,2.4,4
S0017,6,True,2.5,4
S0017,7,False,,
S0018,1,False,,
S0018,2,True,3.5,0
S0018,3,True,3.2,2
S0018,4,True,3.4,0
S0018,5,True,2.7,2
S0018,6,False,,
S0018,7,True,3.6,0
S0019,1,True,2.5,0
S0019,2,False,,
S0019,3,True,2.8,0
S0019,4,True,3.1,0
S0019,5,True,3.2,0
S0019,6,False,,
S0019,7,True,2.7,0
S0020,1,True,4.3,5
S0020,2,False,,
S0020,3,True,4.3,5
S0020,4,False,,
S0020,5,True,4.1,3
S0020,6,True,3.8,6
S0020,7,True,3.2,3
S0021,1,True,4.5,3
S0021,2,False,,
S0021,3,False,,
S0021,4,False,,
S0021,5,True,4.4,3
S0021,6,True,4.3,5
S0021,7,True,4.1,5
S0022,1,True,4.3,3
S0022,2,True,3.9,2
S0022,3,True,4.7,3
S0022,4,True,4.2,2
S0022,5,False,,
S0022,6,False,,
S0022,7,True,4.3,5
S0023,1,True,3.1,4
S0023,2,True,3.0,3
S0023,3,False,,
S0023,4,False,,
S0023,5,False,,
S0023,6,True,2.5,5
S0023,7,True,2.4,5
S0024,1,True,2.9,4
S0024,2,False,,
S0024,3,True,3.0,3
S0024,4,True,3.1,3
S0024,5,False,,
S0024,6,True,3.3,3
S0024,7,True,3.2,1
S0025,1,False,,
S0025,2,False,,
S0025,3,True,3.0,0
S0025,4,True,2.6,0
S0025,5,True,3.5,2
S0025,6,False,,
S0025,7,False,,
S0026,1,True,5,3
S0026,2,True,5,5
S0026,3,False,,
S0026,4,True,4.8,3
S0026,5,True,5,2
S0026,6,True,5,4
S0026,7,True,5.0,3
S0027,1,False,,
S0027,2,True,2.7,5
S0027,3,True,1.9,6
S0027,4,True,1.9,6
S0027,5,True,2.0,6
S0027,6,True,2.1,7
S0027,7,False,,
S0028,1,True,3.0,5
S0028,2,False,,
S0028,3,True,2.9,4
S0028,4,True,3.7,5
S0028,5,False,,
S0028,6,True,2.9,3
S0028,7,True,3.3,4
S0029,1,True,5,4
S0029,2,False,,
S0029,3,True,4.8,5
S0029,4,False,,
S0029,5,True,4.5,6
S0029,6,True,4.4,5
S0029,7,True,5,5
S0030,1,False,,
S0030,2,True,5,6
S0030,3,True,4.3,8
S0030,4,False,,
S0030,5,False,,
S0030,6,True,4.6,8
S0030,7,True,4.6,6
S0031,1,True,4.0,1
S0031,2,True,4.2,0
S0031,3,True,4.0,3
S0031,4,False,,
S0031,5,False,,
S0031,6,False,,
S0031,7,True,3.9,1
S0032,1,True,3.8,2
S0032,2,False,,
S0032,3,True,3.1,1
S0032,4,False,,
S0032,5,False,,
S0032,6,True,2.9,0
S0032,7,False,,
S0033,1,True,4.5,2
S0033,2,True,3.4,2
S0033,3,False,,
S0033,4,True,3.0,1
S0033,5,False,,
S0033,6,True,2.6,0
S0033,7,False,,
S0034,1,True,2.5,2
S0034,2,True,2.4,0
S0034,3,True,2.4,1
S0034,4,True,2.5,2
S0034,5,True,2.6,0
S0034,6,False,,
S0034,7,True,2.9,1
S0035,1,True,4.3,5
S0035,2,True,4.1,6
S0035,3,True,4.1,5
S0035,4,True,4.1,3
S0035,5,True,4.2,3
S0035,6,False,,
S0035,7,True,3.6,3
S0036,1,True,3.9,6
S0036,2,True,4.2,5
S0036,3,False,,
S0036,4,True,3.4,5
S0036,5,True,3.5,5
S0036,6,False,,
S0036,7,True,4.1,4
S0037,1,True,3.0,4
S0037,2,True,2.6,6
S0037,3,True,2.3,5
S0037,4,True,3.0,7
S0037,5,True,2.6,5
S0037,6,False,,
S0037,7,True,3.1,3
S0038,1,True,4.6,8
S0038,2,True,5.0,7
S0038,3,False,,
S0038,4,False,,
S0038,5,True,3.8,6
S0038,6,False,,
S0038,7,True,4.5,6
S0039,1,False,,
S0039,2,True,2.1,0
S0039,3,False,,
S0039,4,False,,
S0039,5,False,,
S0039,6,True,2.6,0
S0039,7,False,,
S0040,1,True,2.8,5
S0040,2,True,3.3,4
S0040,3,False,,
S0040,4,False,,
S0040,5,False,,
S0040,6,False,,
S0040,7,True,3.1,6
S0041,1,True,3.8,4
S0041,2,False,,
S0041,3,True,2.9,5
S0041,4,False,,
S0041,5,False,,
S0041,6,False,,
S0041,7,True,4.0,6
S0042,1,False,,
S0042,2,False,,
S0042,3,False,,
S0042,4,False,,
S0042,5,True,3.2,1
S0042,6,False,,
S0042,7,True,2.9,3
S0043,1,True,3.1,3
S0043,2,True,2.7,2
S0043,3,True,2.3,1
S0043,4,True,2.2,1
S0043,5,False,,
S0043,6,True,2.3,0
S0043,7,False,,
S0044,1,True,3.5,6
S0044,2,True,3.7,8
S0044,3,True,2.7,4
S0044,4,False,,
S0044,5,True,2.1,2
S0044,6,False,,
S0044,7,False,,
S0045,1,False,,
S0045,2,True,3.0,3
S0045,3,True,2.7,1
S0045,4,True,3.2,1
S0045,5,True,2.3,3
S0045,6,False,,
S0045,7,False,,
S0046,1,True,4.6,8
S0046,2,True,4.4,6
S0046,3,True,5.0,5
S0046,4,True,4.7,7
S0046,5,False,,
S0046,6,False,,
S0046,7,False,,
S0047,1,True,2.4,3
S0047,2,True,2.6,4
S0047,3,True,2.5,2
S0047,4,True,2.7,2
S0047,5,False,,
S0047,6,False,,
S0047,7,True,2.7,3
S0048,1,False,,
S0048,2,True,3.0,0
S0048,3,True,3.0,1
S0048,4,True,2.4,2
S0048,5,False,,
S0048,6,True,3.1,0
S0048,7,False,,
S0049,1,False,,
S0049,2,False,,
S0049,3,False,,
S0049,4,True,2.8,3
S0049,5,True,2.7,2
S0049,6,True,3.2,2
S0049,7,True,3.1,3
S0050,1,False,,
S0050,2,True,3.5,2
S0050,3,False,,
S0050,4,True,4.3,1
S0050,5,True,3.7,2
S0050,6,True,3.3,1
S0050,7,False,,
S0051,1,True,2.7,2
S0051,2,False,,
S0051,3,True,2.3,1
S0051,4,True,2.8,3
S0051,5,True,2.6,2
S0051,6,True,2.5,0
S0051,7,False,,
S0052,1,False,,
S0052,2,True,3.7,6
S0052,3,True,3.8,3
S0052,4,True,3.6,3
S0052,5,True,3.5,4
S0052,6,True,3.8,3
S0052,7,True,3.7,2
S0053,1,True,1.5,3
S0053,2,False,,
S0053,3,False,,
S0053,4,True,1.4,1
S0053,5,True,1.7,3
S0053,6,True,1.1,5
S0053,7,False,,
S0054,1,True,4.8,5
S0054,2,True,5,4
S0054,3,False,,
S0054,4,False,,
S0054,5,True,5,2
S0054,6,True,4.9,4
S0054,7,True,5,3
S0055,1,True,2.2,5
S0055,2,True,2.9,4
S0055,3,True,2.6,6
S0055,4,True,2.6,6
S0055,5,True,2.6,6
S0055,6,True,2.8,7
S0055,7,True,2.4,7
S0056,1,True,4.0,4
S0056,2,True,4.2,4
S0056,3,True,4.0,2
S0056,4,True,3.7,2
S0056,5,True,3.5,1
S0056,6,False,,
S0056,7,False,,
S0057,1,False,,
S0057,2,True,2.5,6
S0057,3,True,2.9,4
S0057,4,True,2.1,2
S0057,5,True,2.0,2
S0057,6,False,,
S0057,7,True,1.9,4
S0058,1,False,,
S0058,2,True,2.9,3
S0058,3,True,2.6,3
S0058,4,True,2.8,4
S0058,5,False,,
S0058,6,True,2.8,3
S0058,7,False,,
S0059,1,True,3.3,4
S0059,2,True,3.5,2
S0059,3,True,3.6,3
S0059,4,True,3.1,4
S0059,5,True,3.5,4
S0059,6,False,,
S0059,7,False,,
S0060,1,True,3.9,4
S0060,2,False,,
S0060,3,False,,
S0060,4,False,,
S0060,5,False,,
S0060,6,True,3.0,4
S0060,7,False,,
S0061,1,False,,
S0061,2,True,2.8,5
S0061,3,True,3.6,8
S0061,4,False,,
S0061,5,True,3.2,6
S0061,6,True,3.5,7
S0061,7,True,3.6,6
S0062,1,False,,
S0062,2,True,3.6,4
S0062,3,False,,
S0062,4,False,,
S0062,5,True,3.7,3
S0062,6,False,,
S0062,7,True,3.1,3
S0063,1,True,3.9,6
S0063,2,True,3.7,8
S0063,3,True,3.5,5
S0063,4,True,3.2,5
S0063,5,True,4.2,8
S0063,6,True,3.5,7
S0063,7,True,3.2,4
S0064,1,False,,
S0064,2,True,3.8,4
S0064,3,True,4.2,4
S0064,4,False,,
S0064,5,True,3.6,4
S0064,6,False,,
S0064,7,True,3.8,5
S0065,1,True,3.7,4
S0065,2,False,,
S0065,3,False,,
S0065,4,True,4.0,6
S0065,5,True,3.4,5
S0065,6,False,,
S0065,7,True,4.0,5
S0066,1,False,,
S0066,2,True,3.2,5
S0066,3,True,3.2,2
S0066,4,True,3.8,3
S0066,5,True,3.8,4
S0066,6,True,3.6,3
S0066,7,False,,
S0067,1,False,,
S0067,2,False,,
S0067,3,False,,
S0067,4,False,,
S0067,5,True,3.9,1
S0067,6,True,3.7,2
S0067,7,False,,
S0068,1,True,4.8,7
S0068,2,True,5,7
S0068,3,True,4.7,4
S0068,4,True,5,5
S0068,5,True,4.7,6
S0068,6,True,5,5
S0068,7,True,4.8,6
S0069,1,True,2.2,1
S0069,2,True,1.6,3
S0069,3,False,,
S0069,4,True,2.0,2
S0069,5,False,,
S0069,6,True,1.5,2
S0069,7,True,1.6,1
S0070,1,True,3.0,2
S0070,2,True,2.8,2
S0070,3,True,2.6,2
S0070,4,True,2.5,1
S0070,5,True,2.7,3
S0070,6,False,,
S0070,7,True,2.6,2
S0071,1,False,,
S0071,2,True,4.0,6
S0071,3,False,,
S0071,4,True,3.4,6
S0071,5,True,3.7,5
S0071,6,True,4.2,6
S0071,7,True,3.4,7
S0072,1,True,4.3,6
S0072,2,False,,
S0072,3,False,,
S0072,4,True,4.7,6
S0072,5,True,4.4,6
S0072,6,True,4.4,7
S0072,7,False,,
S0073,1,True,2.5,0
S0073,2,True,2.9,0
S0073,3,False,,
S0073,4,False,,
S0073,5,False,,
S0073,6,False,,
S0073,7,False,,
S0074,1,True,2.9,4
S0074,2,True,3.2,4
S0074,3,True,3.1,4
S0074,4,True,2.8,3
S0074,5,True,2.6,1
S0074,6,False,,
S0074,7,True,2.2,3
S0075,1,False,,
S0075,2,False,,
S0075,3,True,2.7,5
S0075,4,True,2.7,3
S0075,5,False,,
S0075,6,False,,
S0075,7,True,3.1,6
S0076,1,True,3.5,8
S0076,2,True,3.5,9
S0076,3,False,,
S0076,4,True,3.7,6
S0076,5,True,3.3,8
S0076,6,True,3.0,10
S0076,7,True,3.6,9
S0077,1,True,2.4,1
S0077,2,True,1.9,3
S0077,3,True,2.9,1
S0077,4,True,2.1,3
S0077,5,True,2.5,3
S0077,6,True,2.5,2
S0077,7,False,,
S0078,1,True,2.7,5
S0078,2,True,3.0,5
S0078,3,True,3.5,6
S0078,4,True,3.6,4
S0078,5,True,3.5,4
S0078,6,True,3.2,6
S0078,7,True,3.0,8
S0079,1,False,,
S0079,2,True,3.8,5
S0079,3,False,,
S0079,4,True,4.3,6
S0079,5,True,4.5,4
S0079,6,True,3.5,6
S0079,7,True,3.7,7
S0080,1,True,2.6,3
S0080,2,False,,
S0080,3,True,2.9,1
S0080,4,True,2.7,3
S0080,5,True,2.8,1
S0080,6,True,2.3,0
S0080,7,True,2.9,1
S0081,1,True,3.0,5
S0081,2,True,2.4,6
S0081,3,True,2.8,5
S0081,4,True,1.8,5
S0081,5,False,,
S0081,6,True,2.2,5
S0081,7,True,2.2,4
S0082,1,True,4.6,7
S0082,2,False,,
S0082,3,False,,
S0082,4,True,3.5,5
S0082,5,True,3.8,4
S0082,6,False,,
S0082,7,False,,
S0083,1,True,3.3,4
S0083,2,False,,
S0083,3,False,,
S0083,4,True,2.9,3
S0083,5,True,3.3,3
S0083,6,False,,
S0083,7,True,3.4,3
S0084,1,True,3.7,6
S0084,2,True,3.5,5
S0084,3,True,3.1,7
S0084,4,True,3.3,5
S0084,5,False,,
S0084,6,False,,
S0084,7,True,4.3,6
S0085,1,False,,
S0085,2,False,,
S0085,3,True,2.0,3
S0085,4,False,,
S0085,5,True,1.8,3
S0085,6,True,1.6,2
S0085,7,False,,
S0086,1,True,4.2,1
S0086,2,False,,
S0086,3,True,4.0,3
S0086,4,False,,
S0086,5,True,4.3,3
S0086,6,True,4.8,1
S0086,7,True,4.0,3
S0087,1,True,4.1,2
S0087,2,False,,
S0087,3,False,,
S0087,4,False,,
S0087,5,True,3.2,1
S0087,6,False,,
S0087,7,False,,
S0088,1,True,2.9,2
S0088,2,False,,
S0088,3,False,,
S0088,4,False,,
S0088,5,True,3.3,2
S0088,6,False,,
S0088,7,True,3.4,1
S0089,1,False,,
S0089,2,False,,
S0089,3,False,,
S0089,4,False,,
S0089,5,True,4.5,5
S0089,6,False,,
S0089,7,True,3.9,4
S0090,1,False,,
S0090,2,False,,
S0090,3,True,3.7,1
S0090,4,False,,
S0090,5,False,,
S0090,6,True,3.4,0
S0090,7,True,4.0,3
S0091,1,True,3.5,2
S0091,2,False,,
S0091,3,False,,
S0091,4,False,,
S0091,5,False,,
S0091,6,True,2.6,1
S0091,7,True,2.5,0
S0092,1,True,4.0,7
S0092,2,True,3.9,7
S0092,3,True,3.9,6
S0092,4,True,4.4,7
S0092,5,False,,
S0092,6,True,3.7,8
S0092,7,True,4.0,7
S0093,1,False,,
S0093,2,True,3.5,6
S0093,3,True,4.2,5
S0093,4,True,3.6,4
S0093,5,True,3.2,6
S0093,6,False,,
S0093,7,True,3.9,6
S0094,1,False,,
S0094,2,True,3.3,5
S0094,3,False,,
S0094,4,True,3.3,8
S0094,5,False,,
S0094,6,False,,
S0094,7,True,3.9,6
S0095,1,True,4.2,6
S0095,2,True,4.2,8
S0095,3,False,,
S0095,4,True,4.1,6
S0095,5,False,,
S0095,6,False,,
S0095,7,True,3.9,9
S0096,1,True,3.3,4
S0096,2,False,,
S0096,3,True,3.3,2
S0096,4,True,3.5,1
S0096,5,True,4.0,1
S0096,6,True,3.6,3
S0096,7,True,3.9,5
S0097,1,False,,
S0097,2,True,2.9,3
S0097,3,False,,
S0097,4,False,,
S0097,5,True,2.8,3
S0097,6,False,,
S0097,7,False,,
S0098,1,False,,
S0098,2,True,2.4,5
S0098,3,True,2.8,5
S0098,4,True,2.7,4
S0098,5,False,,
S0098,6,True,2.4,2
S0098,7,False,,
S0099,1,False,,
S0099,2,True,2.5,3
S0099,3,True,2.1,4
S0099,4,True,2.1,1
S0099,5,False,,
S0099,6,True,1.8,2
S0099,7,False,,
S0100,1,True,3.9,4
S0100,2,True,3.3,2
S0100,3,True,3.3,3
S0100,4,True,3.2,3
S0100,5,False,,
S0100,6,True,2.9,2
S0100,7,True,3.3,3
S0101,1,True,4.0,1
S0101,2,False,,
S0101,3,False,,
S0101,4,True,3.5,3
S0101,5,True,3.8,3
S0101,6,True,3.9,0
S0101,7,False,,
S0102,1,True,4.1,8
S0102,2,True,4.0,7
S0102,3,False,,
S0102,4,True,4.4,7
S0102,5,True,4.1,8
S0102,6,True,4.1,6
S0102,7,False,,
S0103,1,True,4.0,4
S0103,2,True,4.2,2
S0103,3,True,4.7,2
S0103,4,True,3.9,3
S0103,5,True,4.1,3
S0103,6,True,4.0,1
S0103,7,False,,
S0104,1,True,4.0,6
S0104,2,False,,
S0104,3,True,4.6,6
S0104,4,True,4.4,5
S0104,5,False,,
S0104,6,False,,
S0104,7,False,,
S0105,1,False,,
S0105,2,False,,
S0105,3,False,,
S0105,4,True,4.7,3
S0105,5,False,,
S0105,6,True,5,4
S0105,7,True,4.6,3
S0106,1,True,3.6,3
S0106,2,False,,
S0106,3,True,3.1,4
S0106,4,True,3.2,4
S0106,5,False,,
S0106,6,False,,
S0106,7,True,2.9,5
S0107,1,False,,
S0107,2,False,,
S0107,3,False,,
S0107,4,False,,
S0107,5,False,,
S0107,6,False,,
S0107,7,False,,
S0108,1,False,,
S0108,2,True,4.2,3
S0108,3,True,3.4,4
S0108,4,True,3.9,4
S0108,5,True,3.2,4
S0108,6,True,2.8,1
S0108,7,True,3.1,3
S0109,1,True,4.6,4
S0109,2,True,4.8,4
S0109,3,False,,
S0109,4,False,,
S0109,5,False,,
S0109,6,True,4.1,2
S0109,7,True,4.0,0
S0110,1,False,,
S0110,2,True,2.1,1
S0110,3,True,2.9,1
S0110,4,True,2.3,0
S0110,5,True,2.0,0
S0110,6,False,,
S0110,7,True,2.9,0
S0111,1,True,2.8,4
S0111,2,False,,
S0111,3,True,2.5,4
S0111,4,True,2.9,3
S0111,5,True,2.0,2
S0111,6,True,1.9,4
S0111,7,False,,
S0112,1,True,4.9,5
S0112,2,True,4.8,2
S0112,3,True,4.5,2
S0112,4,True,4.8,1
S0112,5,False,,
S0112,6,True,3.8,1
S0112,7,False,,
S0113,1,True,4.0,4
S0113,2,True,3.6,6
S0113,3,True,3.5,7
S0113,4,True,3.9,6
S0113,5,False,,
S0113,6,True,3.1,5
S0113,7,False,,
S0114,1,True,4.3,0
S0114,2,False,,
S0114,3,False,,
S0114,4,True,4.2,2
S0114,5,True,3.9,0
S0114,6,True,3.9,0
S0114,7,True,4.0,0
S0115,1,True,3.8,6
S0115,2,False,,
S0115,3,False,,
S0115,4,True,3.5,5
S0115,5,True,3.1,6
S0115,6,True,3.3,7
S0115,7,True,3.8,8
S0116,1,False,,
S0116,2,True,3.6,5
S0116,3,True,3.4,6
S0116,4,False,,
S0116,5,False,,
S0116,6,True,2.8,6
S0116,7,False,,
S0117,1,True,2.8,0
S0117,2,True,2.7,2
S0117,3,False,,
S0117,4,True,2.4,1
S0117,5,False,,
S0117,6,True,3.0,2
S0117,7,True,2.8,1
S0118,1,True,4.4,0
S0118,2,True,4.2,1
S0118,3,True,4.6,4
S0118,4,True,4.3,1
S0118,5,True,4.1,3
S0118,6,True,3.9,0
S0118,7,True,3.8,2
S0119,1,True,2.3,2
S0119,2,True,2.8,0
S0119,3,True,2.3,1
S0119,4,True,2.6,2
S0119,5,True,2.6,1
S0119,6,True,2.4,1
S0119,7,False,,
S0120,1,True,4.1,8
S0120,2,True,4.2,5
S0120,3,True,4.1,9
S0120,4,True,4.1,7
S0120,5,True,4.1,9
S0120,6,True,4.0,8
S0120,7,True,4.5,9
S0121,1,True,2.6,4
S0121,2,True,2.9,2
S0121,3,True,2.7,3
S0121,4,False,,
S0121,5,True,2.7,2
S0121,6,True,2.6,2
S0121,7,True,2.5,3
S0122,1,False,,
S0122,2,True,3.4,5
S0122,3,False,,
S0122,4,False,,
S0122,5,True,3.5,4
S0122,6,False,,
S0122,7,True,3.3,6
S0123,1,False,,
S0123,2,False,,
S0123,3,True,3.3,6
S0123,4,True,3.8,3
S0123,5,True,4.5,3
S0123,6,True,4.1,4
S0123,7,True,4.1,4
S0124,1,False,,
S0124,2,False,,
S0124,3,False,,
S0124,4,False,,
S0124,5,False,,
S0124,6,True,3.4,5
S0124,7,True,3.8,6
S0125,1,True,3.4,6
S0125,2,False,,
S0125,3,True,3.0,6
S0125,4,False,,
S0125,5,False,,
S0125,6,True,2.7,5
S0125,7,False,,
S0126,1,False,,
S0126,2,True,3.4,6
S0126,3,True,3.4,7
S0126,4,True,4.0,8
S0126,5,True,3.7,5
S0126,6,False,,
S0126,7,True,3.9,7
S0127,1,False,,
S0127,2,True,2.5,5
S0127,3,False,,
S0127,4,True,2.4,5
S0127,5,False,,
S0127,6,True,2.6,6
S0127,7,True,3.3,6
S0128,1,True,2.7,6
S0128,2,True,2.9,4
S0128,3,False,,
S0128,4,True,3.5,6
S0128,5,True,3.1,6
S0128,6,False,,
S0128,7,False,,
S0129,1,False,,
S0129,2,True,2.5,1
S0129,3,True,3.0,0
S0129,4,True,2.9,0
S0129,5,True,2.4,2
S0129,6,True,3.2,0
S0129,7,True,2.4,0
S0130,1,False,,
S0130,2,False,,
S0130,3,True,3.1,1
S0130,4,False,,
S0130,5,False,,
S0130,6,False,,
S0130,7,False,,
S0131,1,True,2.6,4
S0131,2,True,3.0,2
S0131,3,True,3.1,4
S0131,4,True,3.5,2
S0131,5,True,3.6,0
S0131,6,True,3.2,3
S0131,7,True,3.0,1
S0132,1,True,4.4,8
S0132,2,True,3.8,8
S0132,3,True,3.6,8
S0132,4,True,3.5,8
S0132,5,True,4.3,8
S0132,6,False,,
S0132,7,True,4.2,8
S0133,1,True,4.0,2
S0133,2,True,3.7,2
S0133,3,True,3.8,1
S0133,4,True,3.3,4
S0133,5,True,3.7,1
S0133,6,True,3.5,0
S0133,7,True,4.1,4
S0134,1,True,4.4,1
S0134,2,False,,
S0134,3,True,4.5,2
S0134,4,False,,
S0134,5,True,4.6,1
S0134,6,False,,
S0134,7,True,3.9,2
S0135,1,True,2.6,12
S0135,2,False,,
S0135,3,False,,
S0135,4,True,2.1,12
S0135,5,True,2.4,9
S0135,6,False,,
S0135,7,False,,
S0136,1,True,3.8,6
S0136,2,True,4.2,6
S0136,3,True,4.4,6
S0136,4,False,,
S0136,5,True,3.9,5
S0136,6,True,3.6,6
S0136,7,True,4.0,6
S0137,1,True,3.1,3
S0137,2,False,,
S0137,3,True,3.2,3
S0137,4,True,3.5,4
S0137,5,True,3.2,5
S0137,6,False,,
S0137,7,False,,
S0138,1,True,4.4,4
S0138,2,True,4.5,3
S0138,3,False,,
S0138,4,True,4.9,3
S0138,5,True,5.0,4
S0138,6,True,5,2
S0138,7,True,5,4
S0139,1,False,,
S0139,2,True,3.0,5
S0139,3,True,3.1,7
S0139,4,True,3.0,4
S0139,5,False,,
S0139,6,True,3.6,4
S0139,7,False,,
S0140,1,True,3.8,6
S0140,2,True,3.4,4
S0140,3,True,3.1,3
S0140,4,False,,
S0140,5,True,2.9,2
S0140,6,True,3.1,1
S0140,7,False,,
S0141,1,False,,
S0141,2,False,,
S0141,3,False,,
S0141,4,False,,
S0141,5,False,,
S0141,6,False,,
S0141,7,True,2.9,6
S0142,1,True,4.1,3
S0142,2,True,3.1,4
S0142,3,True,3.6,4
S0142,4,False,,
S0142,5,True,2.8,2
S0142,6,True,2.2,2
S0142,7,False,,
S0143,1,True,3.4,7
S0143,2,False,,
S0143,3,True,2.8,7
S0143,4,False,,
S0143,5,False,,
S0143,6,False,,
S0143,7,True,3.0,6
S0144,1,False,,
S0144,2,False,,
S0144,3,False,,
S0144,4,True,2.4,1
S0144,5,True,2.6,0
S0144,6,True,2.2,1
S0144,7,False,,
S0145,1,True,2.4,5
S0145,2,False,,
S0145,3,False,,
S0145,4,False,,
S0145,5,True,2.1,2
S0145,6,False,,
S0145,7,True,1.2,1
S0146,1,True,2.5,3
S0146,2,True,2.2,4
S0146,3,True,2.0,2
S0146,4,False,,
S0146,5,True,2.9,2
S0146,6,True,2.9,4
S0146,7,False,,
S0147,1,True,3.8,4
S0147,2,True,3.7,4
S0147,3,True,4.3,4
S0147,4,True,3.7,3
S0147,5,False,,
S0147,6,True,4.2,3
S0147,7,False,,
S0148,1,True,4.9,3
S0148,2,True,5.0,3
S0148,3,True,4.6,0
S0148,4,False,,
S0148,5,True,5,1
S0148,6,True,5,1
S0148,7,True,4.8,1
S0149,1,True,2.4,3
S0149,2,True,2.2,6
S0149,3,False,,
S0149,4,True,2.3,3
S0149,5,False,,
S0149,6,False,,
S0149,7,False,,
S0150,1,True,5,2
S0150,2,True,5,4
S0150,3,True,5,4
S0150,4,True,5,5
S0150,5,True,5,5
S0150,6,True,4.9,2
S0150,7,False,,
S0151,1,False,,
S0151,2,False,,
S0151,3,False,,
S0151,4,True,3.0,3
S0151,5,True,2.6,2
S0151,6,False,,
S0151,7,True,2.8,0
S0152,1,False,,
S0152,2,False,,
S0152,3,True,3.5,3
S0152,4,False,,
S0152,5,False,,
S0152,6,False,,
S0152,7,True,2.7,1
S0153,1,True,3.8,5
S0153,2,True,3.5,5
S0153,3,True,3.5,2
S0153,4,True,3.8,2
S0153,5,True,3.0,2
S0153,6,False,,
S0153,7,False,,
S0154,1,False,,
S0154,2,True,4.4,7
S0154,3,True,4.3,4
S0154,4,False,,
S0154,5,False,,
S0154,6,True,4.0,6
S0154,7,True,4.2,6
S0155,1,True,3.7,1
S0155,2,False,,
S0155,3,False,,
S0155,4,False,,
S0155,5,True,3.4,1
S0155,6,True,3.2,0
S0155,7,True,3.6,1
S0156,1,True,3.9,2
S0156,2,False,,
S0156,3,False,,
S0156,4,True,3.8,1
S0156,5,True,3.3,3
S0156,6,True,3.6,2
S0156,7,True,3.8,3
S0157,1,False,,
S0157,2,False,,
S0157,3,False,,
S0157,4,True,3.3,5
S0157,5,True,3.3,3
S0157,6,True,3.1,3
S0157,7,True,3.5,3
S0158,1,False,,
S0158,2,False,,
S0158,3,True,3.1,8
S0158,4,True,2.8,6
S0158,5,False,,
S0158,6,True,3.3,6
S0158,7,False,,
S0159,1,True,4.2,2
S0159,2,True,3.8,3
S0159,3,True,3.5,2
S0159,4,True,3.4,1
S0159,5,True,3.5,3
S0159,6,True,3.7,3
S0159,7,True,4.0,2
S0160,1,True,4.4,7
S0160,2,True,4.6,6
S0160,3,True,4.7,7
S0160,4,True,4.2,5
S0160,5,True,4.1,4
S0160,6,False,,
S0160,7,True,3.9,4
S0161,1,False,,
S0161,2,True,2.9,1
S0161,3,True,2.5,4
S0161,4,False,,
S0161,5,False,,
S0161,6,True,2.2,1
S0161,7,False,,
S0162,1,False,,
S0162,2,True,2.7,2
S0162,3,True,2.9,1
S0162,4,True,3.0,2
S0162,5,False,,
S0162,6,True,3.0,2
S0162,7,True,2.2,3
S0163,1,True,5,3
S0163,2,True,5,3
S0163,3,True,4.5,1
S0163,4,True,5,4
S0163,5,True,5,3
S0163,6,True,5.0,3
S0163,7,True,4.7,3
S0164,1,True,3.3,4
S0164,2,True,3.1,4
S0164,3,False,,
S0164,4,False,,
S0164,5,False,,
S0164,6,False,,
S0164,7,True,1.9,0
S0165,1,True,3.1,2
S0165,2,True,3.2,2
S0165,3,False,,
S0165,4,True,3.0,2
S0165,5,True,2.8,3
S0165,6,True,3.0,1
S0165,7,False,,
S0166,1,False,,
S0166,2,False,,
S0166,3,False,,
S0166,4,False,,
S0166,5,True,2.6,6
S0166,6,True,3.9,8
S0166,7,True,3.1,8
S0167,1,True,3.8,2
S0167,2,False,,
S0167,3,True,4.5,2
S0167,4,False,,
S0167,5,False,,
S0167,6,True,3.7,2
S0167,7,True,3.5,3
S0168,1,True,3.8,2
S0168,2,False,,
S0168,3,False,,
S0168,4,False,,
S0168,5,True,3.3,4
S0168,6,True,3.3,4
S0168,7,False,,
S0169,1,False,,
S0169,2,False,,
S0169,3,True,3.2,6
S0169,4,False,,
S0169,5,True,4.1,7
S0169,6,True,3.7,7
S0169,7,True,3.8,8
S0170,1,True,2.5,8
S0170,2,False,,
S0170,3,True,2.5,6
S0170,4,False,,
S0170,5,True,1.9,7
S0170,6,False,,
S0170,7,False,,
S0171,1,False,,
S0171,2,True,4.5,3
S0171,3,True,3.6,4
S0171,4,False,,
S0171,5,True,4.5,5
S0171,6,True,4.0,3
S0171,7,True,4.6,2
S0172,1,False,,
S0172,2,False,,
S0172,3,True,4.6,5
S0172,4,True,4.4,5
S0172,5,True,4.8,4
S0172,6,True,5,4
S0172,7,True,4.9,5
S0173,1,False,,
S0173,2,False,,
S0173,3,True,3.7,3
S0173,4,True,4.1,1
S0173,5,True,3.3,2
S0173,6,True,3.2,3
S0173,7,True,3.6,2
S0174,1,False,,
S0174,2,True,4.6,7
S0174,3,True,4.3,4
S0174,4,True,4.0,6
S0174,5,True,4.5,5
S0174,6,False,,
S0174,7,True,4.2,3
S0175,1,True,4.8,4
S0175,2,False,,
S0175,3,False,,
S0175,4,False,,
S0175,5,True,4.2,4
S0175,6,True,4.3,5
S0175,7,False,,
S0176,1,True,4.7,3
S0176,2,False,,
S0176,3,True,3.9,3
S0176,4,False,,
S0176,5,False,,
S0176,6,True,2.9,0
S0176,7,False,,
S0177,1,False,,
S0177,2,True,3.5,2
S0177,3,True,3.4,4
S0177,4,True,3.5,2
S0177,5,False,,
S0177,6,True,3.3,2
S0177,7,True,3.8,2
S0178,1,True,4.0,2
S0178,2,True,3.8,4
S0178,3,True,4.0,2
S0178,4,True,4.1,4
S0178,5,False,,
S0178,6,True,3.6,2
S0178,7,False,,
S0179,1,True,4.9,3
S0179,2,True,5,3
S0179,3,False,,
S0179,4,True,5,3
S0179,5,True,5,3
S0179,6,True,4.8,4
S0179,7,True,5,4
S0180,1,True,4.5,2
S0180,2,True,4.3,4
S0180,3,True,4.2,5
S0180,4,False,,
S0180,5,True,4.5,3
S0180,6,True,4.6,3
S0180,7,True,4.6,2
S0181,1,True,2.3,4
S0181,2,True,1.5,3
S0181,3,True,1.7,5
S0181,4,True,1.6,6
S0181,5,False,,
S0181,6,True,1,5
S0181,7,True,1.8,3
S0182,1,True,4.0,1
S0182,2,False,,
S0182,3,True,3.9,0
S0182,4,False,,
S0182,5,False,,
S0182,6,False,,
S0182,7,False,,
S0183,1,True,3.8,0
S0183,2,True,3.7,0
S0183,3,True,4.4,0
S0183,4,False,,
S0183,5,True,4.2,0
S0183,6,True,3.8,0
S0183,7,True,3.9,0
S0184,1,True,4.3,2
S0184,2,False,,
S0184,3,False,,
S0184,4,True,4.4,6
S0184,5,True,3.8,5
S0184,6,True,4.8,3
S0184,7,False,,
S0185,1,False,,
S0185,2,True,2.9,6
S0185,3,True,2.7,4
S0185,4,False,,
S0185,5,True,2.7,2
S0185,6,False,,
S0185,7,False,,
S0186,1,False,,
S0186,2,True,3.0,4
S0186,3,True,3.6,5
S0186,4,False,,
S0186,5,True,2.4,2
S0186,6,True,3.4,1
S0186,7,True,2.6,1
S0187,1,True,2.9,2
S0187,2,True,3.4,3
S0187,3,False,,
S0187,4,True,3.2,3
S0187,5,True,3.4,1
S0187,6,True,3.6,2
S0187,7,True,3.1,3
S0188,1,True,4.0,0
S0188,2,False,,
S0188,3,True,4.3,0
S0188,4,True,4.5,0
S0188,5,False,,
S0188,6,True,4.4,1
S0188,7,False,,
S0189,1,True,1.1,5
S0189,2,True,1.8,7
S0189,3,True,1.7,7
S0189,4,False,,
S0189,5,False,,
S0189,6,True,1.3,8
S0189,7,True,1.1,9
S0190,1,True,4.3,6
S0190,2,True,4.8,6
S0190,3,True,3.9,7
S0190,4,True,4.0,7
S0190,5,True,5,5
S0190,6,False,,
S0190,7,False,,
S0191,1,True,4.3,4
S0191,2,True,4.4,2
S0191,3,True,4.3,1
S0191,4,False,,
S0191,5,False,,
S0191,6,False,,
S0191,7,True,4.3,2
S0192,1,False,,
S0192,2,False,,
S0192,3,False,,
S0192,4,False,,
S0192,5,True,2.5,4
S0192,6,True,2.7,3
S0192,7,True,2.2,2
S0193,1,True,4.8,7
S0193,2,True,4.8,6
S0193,3,False,,
S0193,4,False,,
S0193,5,True,4.1,7
S0193,6,True,4.4,9
S0193,7,True,4.6,7
S0194,1,False,,
S0194,2,False,,
S0194,3,True,4.3,4
S0194,4,True,4.4,4
S0194,5,True,4.5,7
S0194,6,False,,
S0194,7,True,4.2,4
S0195,1,True,3.9,4
S0195,2,True,3.6,3
S0195,3,True,3.6,2
S0195,4,False,,
S0195,5,True,4.0,4
S0195,6,True,3.4,3
S0195,7,True,3.8,4
S0196,1,True,2.9,0
S0196,2,True,2.2,0
S0196,3,True,2.4,0
S0196,4,True,2.5,1
S0196,5,True,2.6,1
S0196,6,True,2.6,3
S0196,7,True,2.2,3
S0197,1,False,,
S0197,2,True,3.5,4
S0197,3,True,3.1,3
S0197,4,False,,
S0197,5,True,2.9,2
S0197,6,False,,
S0197,7,True,2.6,0
S0198,1,True,3.1,5
S0198,2,False,,
S0198,3,True,3.1,4
S0198,4,True,3.4,5
S0198,5,True,3.0,5
S0198,6,True,3.0,6
S0198,7,True,3.0,4
S0199,1,True,3.1,6
S0199,2,True,3.3,8
S0199,3,True,3.1,6
S0199,4,True,3.3,6
S0199,5,False,,
S0199,6,True,3.4,8
S0199,7,False,,
S0200,1,False,,
S0200,2,True,3.8,4
S0200,3,True,4.0,3
S0200,4,True,4.5,3
S0200,5,True,3.9,4
S0200,6,False,,
S0200,7,True,4.2,3
S0201,1,True,3.6,0
S0201,2,True,4.0,0
S0201,3,True,3.5,0
S0201,4,False,,
S0201,5,False,,
S0201,6,False,,
S0201,7,False,,
S0202,1,True,4.8,3
S0202,2,True,4.4,1
S0202,3,True,3.9,4
S0202,4,False,,
S0202,5,False,,
S0202,6,True,4.3,3
S0202,7,False,,
S0203,1,True,3.9,5
S0203,2,True,3.4,8
S0203,3,True,3.2,8
S0203,4,True,3.4,3
S0203,5,True,3.5,5
S0203,6,False,,
S0203,7,True,3.6,6
S0204,1,True,4.7,5
S0204,2,True,4.2,4
S0204,3,False,,
S0204,4,True,3.9,4
S0204,5,False,,
S0204,6,True,3.6,4
S0204,7,False,,
S0205,1,False,,
S0205,2,True,3.0,3
S0205,3,False,,
S0205,4,False,,
S0205,5,False,,
S0205,6,False,,
S0205,7,True,3.5,4
S0206,1,True,2.8,6
S0206,2,True,2.6,6
S0206,3,True,2.7,3
S0206,4,True,1.9,4
S0206,5,True,2.2,4
S0206,6,True,1.5,3
S0206,7,True,1.7,2
S0207,1,True,1.2,0
S0207,2,True,1.7,0
S0207,3,False,,
S0207,4,False,,
S0207,5,True,2.1,1
S0207,6,True,1.7,0
S0207,7,True,1.4,0
S0208,1,True,2.5,8
S0208,2,True,2.7,7
S0208,3,False,,
S0208,4,False,,
S0208,5,True,2.0,5
S0208,6,False,,
S0208,7,False,,
S0209,1,True,3.3,6
S0209,2,True,4.0,7
S0209,3,False,,
S0209,4,True,4.2,7
S0209,5,False,,
S0209,6,False,,
S0209,7,False,,
S0210,1,True,3.1,6
S0210,2,True,3.3,4
S0210,3,True,3.0,6
S0210,4,True,3.4,5
S0210,5,False,,
S0210,6,False,,
S0210,7,True,3.8,6
S0211,1,True,5,4
S0211,2,True,5,3
S0211,3,False,,
S0211,4,True,4.6,2
S0211,5,True,4.4,3
S0211,6,True,4.4,4
S0211,7,False,,
S0212,1,True,3.3,4
S0212,2,True,3.1,6
S0212,3,True,3.3,4
S0212,4,True,3.9,6
S0212,5,True,3.6,3
S0212,6,True,3.6,4
S0212,7,True,3.6,5
S0213,1,True,3.8,1
S0213,2,False,,
S0213,3,False,,
S0213,4,True,3.2,3
S0213,5,True,3.7,4
S0213,6,False,,
S0213,7,True,3.6,4
S0214,1,False,,
S0214,2,False,,
S0214,3,True,2.4,6
S0214,4,True,2.4,5
S0214,5,False,,
S0214,6,False,,
S0214,7,True,2.2,7
S0215,1,False,,
S0215,2,True,4.0,2
S0215,3,False,,
S0215,4,False,,
S0215,5,True,3.9,3
S0215,6,True,3.9,3
S0215,7,True,4.1,3
S0216,1,False,,
S0216,2,False,,
S0216,3,True,3.4,5
S0216,4,True,3.2,5
S0216,5,False,,
S0216,6,True,3.0,3
S0216,7,True,2.8,4
S0217,1,True,2.6,4
S0217,2,True,3.0,3
S0217,3,True,2.5,1
S0217,4,False,,
S0217,5,True,2.3,3
S0217,6,True,2.0,4
S0217,7,False,,
S0218,1,True,2.6,7
S0218,2,True,2.8,6
S0218,3,True,3.1,4
S0218,4,True,2.6,5
S0218,5,True,2.2,4
S0218,6,True,2.2,5
S0218,7,False,,
S0219,1,False,,
S0219,2,False,,
S0219,3,True,3.6,5
S0219,4,True,3.6,3
S0219,5,True,3.2,3
S0219,6,True,3.6,4
S0219,7,True,3.0,4
S0220,1,True,3.8,4
S0220,2,False,,
S0220,3,True,3.6,1
S0220,4,True,3.5,2
S0220,5,True,3.5,0
S0220,6,True,4.4,1
S0220,7,True,3.6,1
S0221,1,False,,
S0221,2,True,2.0,4
S0221,3,True,2.2,5
S0221,4,False,,
S0221,5,True,2.0,4
S0221,6,True,2.3,4
S0221,7,True,1.7,4
S0222,1,True,1.9,5
S0222,2,True,1.8,4
S0222,3,True,2.4,5
S0222,4,False,,
S0222,5,True,2.4,4
S0222,6,False,,
S0222,7,True,1.3,1
S0223,1,True,3.4,5
S0223,2,True,2.9,5
S0223,3,True,3.9,5
S0223,4,True,3.2,5
S0223,5,False,,
S0223,6,True,3.4,6
S0223,7,True,3.2,5
S0224,1,True,2.6,7
S0224,2,True,2.5,7
S0224,3,True,2.2,6
S0224,4,False,,
S0224,5,False,,
S0224,6,True,2.3,6
S0224,7,True,2.4,6
S0225,1,True,4.3,4
S0225,2,False,,
S0225,3,True,4.4,6
S0225,4,True,3.9,5
S0225,5,False,,
S0225,6,True,4.6,4
S0225,7,True,3.6,2
S0226,1,False,,
S0226,2,True,2.5,3
S0226,3,True,2.3,4
S0226,4,True,2.8,2
S0226,5,True,3.0,3
S0226,6,True,2.7,5
S0226,7,True,3.2,4
S0227,1,False,,
S0227,2,False,,
S0227,3,True,3.4,2
S0227,4,True,3.6,0
S0227,5,False,,
S0227,6,True,3.3,0
S0227,7,False,,
S0228,1,False,,
S0228,2,False,,
S0228,3,False,,
S0228,4,False,,
S0228,5,True,3.8,2
S0228,6,False,,
S0228,7,True,4.3,4
S0229,1,True,4.8,3
S0229,2,True,4.9,3
S0229,3,False,,
S0229,4,False,,
S0229,5,False,,
S0229,6,True,4.1,3
S0229,7,False,,
S0230,1,True,3.8,1
S0230,2,True,3.5,1
S0230,3,True,3.3,0
S0230,4,False,,
S0230,5,True,3.4,3
S0230,6,True,3.3,1
S0230,7,True,3.3,1
S0231,1,True,3.7,10
S0231,2,True,3.7,10
S0231,3,False,,
S0231,4,True,3.6,9
S0231,5,True,3.3,9
S0231,6,True,3.8,11
S0231,7,True,3.6,9
S0232,1,False,,
S0232,2,True,2.0,5
S0232,3,True,2.7,3
S0232,4,True,2.3,3
S0232,5,True,2.7,5
S0232,6,False,,
S0232,7,True,2.7,4
S0233,1,True,3.5,3
S0233,2,True,3.7,4
S0233,3,True,3.8,5
S0233,4,True,3.7,5
S0233,5,True,4.0,5
S0233,6,True,3.9,6
S0233,7,False,,
S0234,1,True,4.4,1
S0234,2,True,4.0,1
S0234,3,True,4.3,0
S0234,4,False,,
S0234,5,False,,
S0234,6,True,4.2,1
S0234,7,True,4.0,1
S0235,1,True,3.1,7
S0235,2,True,4.1,8
S0235,3,True,3.6,7
S0235,4,True,3.3,8
S0235,5,True,3.7,7
S0235,6,True,3.7,7
S0235,7,False,,
S0236,1,True,4.9,3
S0236,2,True,4.7,3
S0236,3,False,,
S0236,4,True,4.7,4
S0236,5,False,,
S0236,6,False,,
S0236,7,True,4.9,3
S0237,1,True,2.3,6
S0237,2,False,,
S0237,3,False,,
S0237,4,True,3.1,3
S0237,5,True,2.6,6
S0237,6,True,2.3,4
S0237,7,True,1.9,3
S0238,1,True,2.2,4
S0238,2,True,2.1,1
S0238,3,True,2.0,2
S0238,4,True,2.1,2
S0238,5,True,1.7,1
S0238,6,True,2.4,0
S0238,7,True,2.1,3
S0239,1,False,,
S0239,2,True,2.3,7
S0239,3,True,2.7,5
S0239,4,True,1.9,5
S0239,5,False,,
S0239,6,True,2.1,4
S0239,7,False,,
S0240,1,True,3.7,3
S0240,2,True,3.6,3
S0240,3,False,,
S0240,4,True,3.5,3
S0240,5,False,,
S0240,6,True,3.8,2
S0240,7,True,2.7,2
S0241,1,True,3.9,3
S0241,2,True,4.1,4
S0241,3,False,,
S0241,4,True,4.7,4
S0241,5,False,,
S0241,6,True,4.3,3
S0241,7,False,,
S0242,1,True,2.3,5
S0242,2,True,2.8,3
S0242,3,True,2.4,1
S0242,4,False,,
S0242,5,False,,
S0242,6,True,2.2,1
S0242,7,True,2.4,2
S0243,1,True,3.3,4
S0243,2,True,3.3,4
S0243,3,True,3.1,6
S0243,4,True,3.5,4
S0243,5,True,3.5,5
S0243,6,True,3.4,4
S0243,7,True,3.5,5
S0244,1,False,,
S0244,2,True,3.3,4
S0244,3,True,3.8,3
S0244,4,True,4.3,3
S0244,5,False,,
S0244,6,True,3.3,3
S0244,7,True,4.0,3
S0245,1,False,,
S0245,2,True,2.3,5
S0245,3,True,2.8,6
S0245,4,True,3.1,5
S0245,5,True,2.6,4
S0245,6,True,2.8,6
S0245,7,True,2.6,5
S0246,1,True,2.6,7
S0246,2,False,,
S0246,3,False,,
S0246,4,True,2.6,7
S0246,5,True,2.8,8
S0246,6,True,3.0,5
S0246,7,False,,
S0247,1,True,4.1,4
S0247,2,True,3.7,5
S0247,3,True,4.0,5
S0247,4,True,4.3,4
S0247,5,True,4.0,6
S0247,6,False,,
S0247,7,True,3.8,5
S0248,1,False,,
S0248,2,True,4.3,3
S0248,3,True,3.8,4
S0248,4,True,3.9,4
S0248,5,True,3.4,2
S0248,6,True,3.7,4
S0248,7,False,,
S0249,1,True,4.0,2
S0249,2,True,4.3,0
S0249,3,True,3.9,0
S0249,4,False,,
S0249,5,True,4.0,1
S0249,6,True,3.8,0
S0249,7,True,4.0,1
S0250,1,False,,
S0250,2,False,,
S0250,3,True,2.5,0
S0250,4,True,2.9,0
S0250,5,True,3.1,0
S0250,6,True,3.0,0
S0250,7,True,2.5,0
S0251,1,True,3.2,6
S0251,2,True,3.1,5
S0251,3,True,3.4,4
S0251,4,False,,
S0251,5,False,,
S0251,6,False,,
S0251,7,True,4.2,8
S0252,1,True,2.5,3
S0252,2,True,3.2,3
S0252,3,True,2.8,2
S0252,4,True,2.8,2
S0252,5,False,,
S0252,6,True,3.0,2
S0252,7,True,2.5,3
S0253,1,True,2.2,1
S0253,2,False,,
S0253,3,True,2.7,0
S0253,4,True,2.8,1
S0253,5,True,2.2,1
S0253,6,True,2.6,0
S0253,7,True,2.4,2
S0254,1,False,,
S0254,2,True,3.5,7
S0254,3,False,,
S0254,4,True,3.6,5
S0254,5,False,,
S0254,6,False,,
S0254,7,False,,
S0255,1,True,2.9,5
S0255,2,True,2.3,2
S0255,3,True,2.2,2
S0255,4,False,,
S0255,5,True,2.6,2
S0255,6,False,,
S0255,7,True,2.1,0
S0256,1,True,1.9,2
S0256,2,False,,
S0256,3,True,2.4,3
S0256,4,True,2.5,2
S0256,5,False,,
S0256,6,True,2.7,2
S0256,7,True,1.8,1
S0257,1,True,3.3,6
S0257,2,False,,
S0257,3,False,,
S0257,4,True,3.4,8
S0257,5,True,3.4,5
S0257,6,True,3.2,8
S0257,7,False,,
S0258,1,True,3.1,4
S0258,2,True,3.5,3
S0258,3,True,3.1,6
S0258,4,True,3.4,3
S0258,5,True,3.7,2
S0258,6,True,3.3,3
S0258,7,True,3.7,4
S0259,1,False,,
S0259,2,False,,
S0259,3,True,2.6,5
S0259,4,False,,
S0259,5,True,2.3,5
S0259,6,True,1.7,3
S0259,7,False,,
S0260,1,True,2.4,2
S0260,2,True,2.3,0
S0260,3,False,,
S0260,4,True,1.9,1
S0260,5,True,2.1,1
S0260,6,True,2.9,1
S0260,7,True,2.3,0
S0261,1,True,4.2,7
S0261,2,True,4.3,6
S0261,3,True,4.4,6
S0261,4,False,,
S0261,5,True,4.1,7
S0261,6,True,3.8,7
S0261,7,True,4.1,7
S0262,1,True,2.3,3
S0262,2,False,,
S0262,3,True,2.8,3
S0262,4,True,2.6,3
S0262,5,False,,
S0262,6,True,2.7,3
S0262,7,True,2.4,3
S0263,1,True,3.4,7
S0263,2,True,3.3,6
S0263,3,True,4.1,5
S0263,4,True,3.6,6
S0263,5,False,,
S0263,6,False,,
S0263,7,True,3.8,6
S0264,1,False,,
S0264,2,True,4.5,4
S0264,3,True,3.5,4
S0264,4,False,,
S0264,5,True,3.2,3
S0264,6,True,4.1,2
S0264,7,False,,
S0265,1,True,4.6,2
S0265,2,False,,
S0265,3,False,,
S0265,4,False,,
S0265,5,True,3.7,0
S0265,6,True,4.2,1
S0265,7,False,,
S0266,1,True,4.0,4
S0266,2,False,,
S0266,3,True,4.0,3
S0266,4,False,,
S0266,5,True,4.0,3
S0266,6,False,,
S0266,7,True,3.2,5
S0267,1,False,,
S0267,2,True,3.3,0
S0267,3,True,3.2,0
S0267,4,True,2.9,1
S0267,5,False,,
S0267,6,True,2.7,0
S0267,7,False,,
S0268,1,True,2.9,4
S0268,2,False,,
S0268,3,False,,
S0268,4,True,2.8,3
S0268,5,False,,
S0268,6,False,,
S0268,7,True,3.3,1
S0269,1,False,,
S0269,2,True,2.5,2
S0269,3,False,,
S0269,4,False,,
S0269,5,False,,
S0269,6,False,,
S0269,7,False,,
S0270,1,True,4.1,9
S0270,2,False,,
S0270,3,True,3.6,8
S0270,4,True,4.3,8
S0270,5,True,4.2,5
S0270,6,True,4.1,8
S0270,7,False,,
S0271,1,True,3.8,7
S0271,2,True,3.0,4
S0271,3,True,3.0,6
S0271,4,True,2.9,5
S0271,5,True,2.9,2
S0271,6,False,,
S0271,7,False,,
S0272,1,True,4.7,2
S0272,2,True,3.9,2
S0272,3,False,,
S0272,4,True,3.9,2
S0272,5,True,3.9,0
S0272,6,True,4.4,3
S0272,7,False,,
S0273,1,True,3.9,7
S0273,2,True,4.1,4
S0273,3,True,4.2,4
S0273,4,True,3.9,4
S0273,5,True,4.1,8
S0273,6,True,3.7,8
S0273,7,False,,
S0274,1,True,4.9,5
S0274,2,True,4.5,7
S0274,3,False,,
S0274,4,False,,
S0274,5,False,,
S0274,6,True,4.4,4
S0274,7,False,,
S0275,1,False,,
S0275,2,True,4.8,5
S0275,3,False,,
S0275,4,True,5,7
S0275,5,False,,
S0275,6,False,,
S0275,7,True,5,8
S0276,1,False,,
S0276,2,True,3.4,7
S0276,3,True,3.1,6
S0276,4,False,,
S0276,5,False,,
S0276,6,False,,
S0276,7,True,2.5,4
S0277,1,False,,
S0277,2,True,2.3,5
S0277,3,False,,
S0277,4,True,3.1,4
S0277,5,True,2.1,2
S0277,6,False,,
S0277,7,False,,
S0278,1,True,2.7,1
S0278,2,False,,
S0278,3,True,2.5,2
S0278,4,False,,
S0278,5,False,,
S0278,6,True,2.3,1
S0278,7,False,,
S0279,1,True,4.5,3
S0279,2,False,,
S0279,3,True,3.9,3
S0279,4,False,,
S0279,5,False,,
S0279,6,False,,
S0279,7,True,3.2,1
S0280,1,True,4.4,6
S0280,2,False,,
S0280,3,False,,
S0280,4,False,,
S0280,5,True,4.3,4
S0280,6,False,,
S0280,7,True,4.2,6
S0281,1,False,,
S0281,2,False,,
S0281,3,True,5,4
S0281,4,True,4.8,4
S0281,5,True,5,5
S0281,6,True,5,4
S0281,7,True,4.9,4
S0282,1,False,,
S0282,2,True,4.1,5
S0282,3,True,4.3,2
S0282,4,False,,
S0282,5,False,,
S0282,6,True,3.2,2
S0282,7,False,,
S0283,1,True,2.8,7
S0283,2,True,3.5,3
S0283,3,True,4.0,5
S0283,4,True,3.4,6
S0283,5,False,,
S0283,6,True,3.9,6
S0283,7,False,,
S0284,1,True,3.4,4
S0284,2,True,2.6,4
S0284,3,False,,
S0284,4,True,3.0,5
S0284,5,True,3.0,5
S0284,6,True,3.5,4
S0284,7,True,3.1,3
S0285,1,False,,
S0285,2,True,2.6,2
S0285,3,True,2.7,5
S0285,4,False,,
S0285,5,True,2.8,3
S0285,6,True,2.7,1
S0285,7,False,,
S0286,1,False,,
S0286,2,True,3.6,2
S0286,3,True,3.5,2
S0286,4,False,,
S0286,5,False,,
S0286,6,False,,
S0286,7,True,4.0,3
S0287,1,False,,
S0287,2,True,3.9,7
S0287,3,True,3.5,8
S0287,4,True,3.8,9
S0287,5,False,,
S0287,6,True,3.5,8
S0287,7,True,3.6,8
S0288,1,True,3.9,5
S0288,2,True,3.7,5
S0288,3,True,3.4,5
S0288,4,False,,
S0288,5,True,3.9,4
S0288,6,False,,
S0288,7,False,,
S0289,1,True,2.6,0
S0289,2,True,2.6,0
S0289,3,True,2.4,0
S0289,4,True,2.6,0
S0289,5,True,2.6,2
S0289,6,True,2.4,0
S0289,7,False,,
S0290,1,True,4.1,4
S0290,2,True,4.0,4
S0290,3,False,,
S0290,4,True,3.4,1
S0290,5,False,,
S0290,6,False,,
S0290,7,False,,
S0291,1,True,4.1,2
S0291,2,False,,
S0291,3,False,,
S0291,4,True,4.3,4
S0291,5,False,,
S0291,6,True,4.3,3
S0291,7,True,4.7,4
S0292,1,True,2.4,1
S0292,2,False,,
S0292,3,True,2.0,0
S0292,4,False,,
S0292,5,False,,
S0292,6,True,1.3,0
S0292,7,True,1.6,0
S0293,1,True,3.6,7
S0293,2,True,3.5,7
S0293,3,True,3.3,8
S0293,4,True,3.5,9
S0293,5,True,3.4,6
S0293,6,True,2.9,7
S0293,7,True,3.5,6
S0294,1,True,2.8,9
S0294,2,True,2.3,7
S0294,3,False,,
S0294,4,False,,
S0294,5,True,1.7,6
S0294,6,False,,
S0294,7,True,1.7,4
S0295,1,False,,
S0295,2,False,,
S0295,3,True,3.1,2
S0295,4,True,3.2,3
S0295,5,False,,
S0295,6,False,,
S0295,7,False,,
S0296,1,True,4.6,5
S0296,2,True,5,3
S0296,3,True,4.9,3
S0296,4,True,5,5
S0296,5,True,5,4
S0296,6,False,,
S0296,7,True,5.0,3
S0297,1,True,3.3,5
S0297,2,False,,
S0297,3,True,3.9,4
S0297,4,True,3.6,4
S0297,5,True,3.3,5
S0297,6,True,3.9,4
S0297,7,True,3.5,4
S0298,1,False,,
S0298,2,False,,
S0298,3,True,3.3,0
S0298,4,False,,
S0298,5,True,2.2,0
S0298,6,True,2.1,0
S0298,7,True,2.6,0
S0299,1,True,3.3,5
S0299,2,False,,
S0299,3,True,3.0,3
S0299,4,True,2.7,5
S0299,5,True,2.7,3
S0299,6,True,3.0,3
S0299,7,True,3.2,4
S0300,1,False,,
S0300,2,False,,
S0300,3,True,3.3,3
S0300,4,True,3.0,0
S0300,5,True,2.7,2
S0300,6,True,2.1,0
S0300,7,True,2.9,0
S0301,1,True,2.7,5
S0301,2,True,2.5,6
S0301,3,True,2.6,3
S0301,4,False,,
S0301,5,True,2.3,6
S0301,6,False,,
S0301,7,True,2.5,5
S0302,1,True,3.2,4
S0302,2,True,2.6,4
S0302,3,True,3.2,5
S0302,4,True,2.1,4
S0302,5,False,,
S0302,6,True,3.7,4
S0302,7,True,3.1,6
S0303,1,True,4.7,5
S0303,2,False,,
S0303,3,True,4.6,4
S0303,4,True,4.9,4
S0303,5,False,,
S0303,6,True,4.5,5
S0303,7,False,,
S0304,1,True,2.3,8
S0304,2,False,,
S0304,3,True,2.5,7
S0304,4,True,3.2,6
S0304,5,False,,
S0304,6,False,,
S0304,7,True,2.4,8
S0305,1,True,2.8,6
S0305,2,True,3.0,4
S0305,3,True,3.3,4
S0305,4,True,2.5,3
S0305,5,False,,
S0305,6,True,2.8,6
S0305,7,True,2.7,4
S0306,1,True,4.1,5
S0306,2,False,,
S0306,3,False,,
S0306,4,False,,
S0306,5,False,,
S0306,6,False,,
S0306,7,True,5,7
S0307,1,True,3.3,3
S0307,2,True,3.3,3
S0307,3,True,3.2,4
S0307,4,True,3.0,1
S0307,5,False,,
S0307,6,True,3.7,2
S0307,7,True,2.8,1
S0308,1,False,,
S0308,2,True,4.2,11
S0308,3,True,3.1,7
S0308,4,True,3.6,7
S0308,5,True,3.4,9
S0308,6,False,,
S0308,7,True,4.3,11
S0309,1,False,,
S0309,2,True,4.6,5
S0309,3,False,,
S0309,4,False,,
S0309,5,False,,
S0309,6,False,,
S0309,7,True,4.2,6
S0310,1,True,2.8,2
S0310,2,False,,
S0310,3,True,2.4,4
S0310,4,False,,
S0310,5,True,3.3,2
S0310,6,True,3.0,3
S0310,7,False,,
S0311,1,True,2.2,4
S0311,2,True,2.7,2
S0311,3,True,2.8,3
S0311,4,False,,
S0311,5,True,2.2,4
S0311,6,True,2.5,2
S0311,7,False,,
S0312,1,True,3.2,2
S0312,2,False,,
S0312,3,False,,
S0312,4,True,3.7,4
S0312,5,False,,
S0312,6,True,3.9,2
S0312,7,True,3.3,3
S0313,1,True,2.8,1
S0313,2,False,,
S0313,3,True,3.3,1
S0313,4,True,2.6,3
S0313,5,False,,
S0313,6,True,3.0,3
S0313,7,False,,
S0314,1,False,,
S0314,2,True,2.8,4
S0314,3,True,3.0,3
S0314,4,True,2.9,4
S0314,5,True,2.9,3
S0314,6,True,3.4,2
S0314,7,True,3.0,1
S0315,1,False,,
S0315,2,True,4.4,4
S0315,3,True,4.6,5
S0315,4,True,5,7
S0315,5,False,,
S0315,6,True,4.3,5
S0315,7,True,4.9,6
S0316,1,True,4.0,5
S0316,2,True,3.7,4
S0316,3,True,4.0,5
S0316,4,False,,
S0316,5,True,3.4,3
S0316,6,True,3.9,4
S0316,7,True,3.9,1
S0317,1,True,2.6,7
S0317,2,True,1.7,8
S0317,3,True,2.9,7
S0317,4,False,,
S0317,5,True,2.6,6
S0317,6,False,,
S0317,7,True,2.3,7
S0318,1,True,3.3,3
S0318,2,True,3.3,3
S0318,3,False,,
S0318,4,False,,
S0318,5,True,2.9,2
S0318,6,False,,
S0318,7,True,3.3,4
S0319,1,False,,
S0319,2,True,3.6,6
S0319,3,True,3.3,4
S0319,4,True,3.6,4
S0319,5,True,3.3,4
S0319,6,True,3.5,5
S0319,7,True,3.1,6
S0320,1,False,,
S0320,2,True,3.6,5
S0320,3,True,3.7,4
S0320,4,False,,
S0320,5,False,,
S0320,6,False,,
S0320,7,True,4.4,7
S0321,1,True,3.2,5
S0321,2,False,,
S0321,3,False,,
S0321,4,True,3.1,4
S0321,5,True,2.6,1
S0321,6,True,2.8,5
S0321,7,True,3.1,3
S0322,1,True,4.1,0
S0322,2,True,5.0,0
S0322,3,True,4.4,0
S0322,4,True,3.8,0
S0322,5,True,4.5,0
S0322,6,True,3.9,1
S0322,7,False,,
S0323,1,True,3.6,3
S0323,2,True,3.6,3
S0323,3,False,,
S0323,4,True,3.9,4
S0323,5,False,,
S0323,6,False,,
S0323,7,True,3.9,2
S0324,1,False,,
S0324,2,True,4.2,5
S0324,3,True,4.8,5
S0324,4,True,4.0,4
S0324,5,True,4.9,5
S0324,6,True,4.3,6
S0324,7,True,4.6,5
S0325,1,False,,
S0325,2,False,,
S0325,3,True,3.2,4
S0325,4,False,,
S0325,5,True,2.9,3
S0325,6,False,,
S0325,7,False,,
S0326,1,False,,
S0326,2,False,,
S0326,3,True,4.5,1
S0326,4,True,3.8,3
S0326,5,False,,
S0326,6,False,,
S0326,7,True,4.8,5
S0327,1,False,,
S0327,2,False,,
S0327,3,True,2.5,2
S0327,4,True,2.2,3
S0327,5,True,2.1,2
S0327,6,True,2.1,1
S0327,7,True,2.2,2
S0328,1,True,2.8,4
S0328,2,False,,
S0328,3,False,,
S0328,4,False,,
S0328,5,False,,
S0328,6,False,,
S0328,7,True,3.1,6
S0329,1,True,3.4,2
S0329,2,True,3.7,2
S0329,3,True,3.7,1
S0329,4,True,3.2,1
S0329,5,True,3.6,1
S0329,6,True,3.4,0
S0329,7,True,3.2,1
S0330,1,False,,
S0330,2,True,2.8,2
S0330,3,False,,
S0330,4,True,3.0,2
S0330,5,True,2.4,2
S0330,6,False,,
S0330,7,True,2.9,1
S0331,1,True,3.2,2
S0331,2,True,3.0,2
S0331,3,False,,
S0331,4,True,3.4,1
S0331,5,True,3.5,0
S0331,6,False,,
S0331,7,True,3.2,1
S0332,1,False,,
S0332,2,True,2.2,8
S0332,3,False,,
S0332,4,True,2.6,8
S0332,5,False,,
S0332,6,False,,
S0332,7,True,2.4,9
S0333,1,True,4.6,2
S0333,2,False,,
S0333,3,True,4.4,3
S0333,4,True,4.5,4
S0333,5,True,4.8,4
S0333,6,True,4.7,4
S0333,7,True,4.4,3
S0334,1,False,,
S0334,2,False,,
S0334,3,True,4.4,5
S0334,4,True,4.1,4
S0334,5,True,4.2,5
S0334,6,True,4.3,4
S0334,7,False,,
S0335,1,True,3.3,2
S0335,2,False,,
S0335,3,False,,
S0335,4,True,2.9,4
S0335,5,False,,
S0335,6,True,3.2,2
S0335,7,True,3.0,3
S0336,1,False,,
S0336,2,True,4.1,2
S0336,3,False,,
S0336,4,True,3.9,3
S0336,5,False,,
S0336,6,False,,
S0336,7,True,2.6,3
S0337,1,True,4.4,4
S0337,2,False,,
S0337,3,True,4.2,5
S0337,4,True,4.3,5
S0337,5,True,4.5,3
S0337,6,True,4.2,6
S0337,7,False,,
S0338,1,True,3.7,1
S0338,2,False,,
S0338,3,False,,
S0338,4,True,2.8,0
S0338,5,False,,
S0338,6,False,,
S0338,7,False,,
S0339,1,True,3.3,5
S0339,2,True,3.4,4
S0339,3,False,,
S0339,4,True,3.0,3
S0339,5,True,3.0,2
S0339,6,True,2.7,4
S0339,7,True,3.6,4
S0340,1,True,3.7,5
S0340,2,True,4.3,4
S0340,3,True,4.9,4
S0340,4,True,3.7,5
S0340,5,False,,
S0340,6,False,,
S0340,7,True,4.1,5
S0341,1,True,3.6,4
S0341,2,True,3.0,5
S0341,3,True,3.7,4
S0341,4,True,3.1,5
S0341,5,False,,
S0341,6,True,3.4,5
S0341,7,True,3.3,5
S0342,1,False,,
S0342,2,False,,
S0342,3,True,4.8,6
S0342,4,False,,
S0342,5,True,4.4,4
S0342,6,True,4.5,3
S0342,7,True,4.6,3
S0343,1,True,5,5
S0343,2,True,4.8,5
S0343,3,False,,
S0343,4,False,,
S0343,5,True,4.6,4
S0343,6,True,5,3
S0343,7,True,4.5,5
S0344,1,True,2.9,4
S0344,2,True,2.5,8
S0344,3,False,,
S0344,4,False,,
S0344,5,False,,
S0344,6,True,1.4,3
S0344,7,True,1.2,2
S0345,1,True,3.6,4
S0345,2,True,3.5,2
S0345,3,True,3.6,3
S0345,4,True,2.9,5
S0345,5,True,3.7,4
S0345,6,True,3.7,4
S0345,7,False,,
S0346,1,True,2.7,0
S0346,2,True,2.3,1
S0346,3,True,2.8,1
S0346,4,True,2.1,1
S0346,5,True,2.3,1
S0346,6,True,2.5,0
S0346,7,True,2.7,1
S0347,1,False,,
S0347,2,True,3.9,3
S0347,3,False,,
S0347,4,True,4.2,3
S0347,5,True,4.4,3
S0347,6,True,3.7,5
S0347,7,True,3.6,4
S0348,1,False,,
S0348,2,True,4.1,5
S0348,3,True,3.8,5
S0348,4,False,,
S0348,5,False,,
S0348,6,False,,
S0348,7,True,3.3,0
S0349,1,True,2.8,4
S0349,2,True,3.3,5
S0349,3,True,3.1,7
S0349,4,True,2.9,5
S0349,5,False,,
S0349,6,True,3.3,5
S0349,7,True,3.4,5
S0350,1,True,3.5,4
S0350,2,False,,
S0350,3,False,,
S0350,4,True,3.7,5
S0350,5,False,,
S0350,6,True,3.9,7
S0350,7,False,,
S0351,1,True,4.2,4
S0351,2,False,,
S0351,3,True,4.0,2
S0351,4,False,,
S0351,5,True,4.6,2
S0351,6,True,4.0,2
S0351,7,True,4.2,4
S0352,1,True,4.6,3
S0352,2,False,,
S0352,3,True,4.1,5
S0352,4,True,4.1,2
S0352,5,True,4.4,3
S0352,6,True,4.4,4
S0352,7,True,5,5
S0353,1,True,2.5,3
S0353,2,False,,
S0353,3,False,,
S0353,4,True,2.2,1
S0353,5,False,,
S0353,6,True,1.9,0
S0353,7,True,1.5,0
S0354,1,False,,
S0354,2,True,1.6,6
S0354,3,False,,
S0354,4,True,1,4
S0354,5,False,,
S0354,6,True,1,2
S0354,7,False,,
S0355,1,True,2.9,7
S0355,2,True,3.0,8
S0355,3,True,2.0,4
S0355,4,False,,
S0355,5,False,,
S0355,6,False,,
S0355,7,True,2.0,4
S0356,1,True,3.7,8
S0356,2,False,,
S0356,3,True,2.6,5
S0356,4,False,,
S0356,5,True,2.9,5
S0356,6,False,,
S0356,7,True,2.4,4
S0357,1,True,3.4,6
S0357,2,True,3.4,6
S0357,3,True,3.1,6
S0357,4,True,3.8,6
S0357,5,True,3.2,7
S0357,6,True,3.0,5
S0357,7,True,3.3,5
S0358,1,True,3.9,2
S0358,2,True,4.4,0
S0358,3,True,3.6,2
S0358,4,True,3.2,0
S0358,5,False,,
S0358,6,True,3.1,1
S0358,7,False,,
S0359,1,True,3.5,5
S0359,2,True,3.3,2
S0359,3,True,3.2,3
S0359,4,True,3.1,2
S0359,5,False,,
S0359,6,False,,
S0359,7,False,,
S0360,1,True,3.2,2
S0360,2,True,4.0,6
S0360,3,True,3.6,2
S0360,4,False,,
S0360,5,False,,
S0360,6,True,3.5,2
S0360,7,False,,
S0361,1,False,,
S0361,2,False,,
S0361,3,False,,
S0361,4,True,2.5,3
S0361,5,False,,
S0361,6,True,2.4,3
S0361,7,True,2.6,5
S0362,1,True,3.8,4
S0362,2,False,,
S0362,3,False,,
S0362,4,True,3.1,4
S0362,5,True,3.2,3
S0362,6,True,2.1,3
S0362,7,False,,
S0363,1,False,,
S0363,2,False,,
S0363,3,False,,
S0363,4,True,1.8,10
S0363,5,True,2.0,10
S0363,6,True,2.3,9
S0363,7,False,,
S0364,1,True,2.9,0
S0364,2,True,2.6,0
S0364,3,True,2.2,0
S0364,4,True,2.3,0
S0364,5,True,2.7,1
S0364,6,True,2.5,0
S0364,7,True,2.4,0
S0365,1,True,2.6,2
S0365,2,True,2.7,2
S0365,3,True,3.0,4
S0365,4,True,2.4,3
S0365,5,True,2.3,2
S0365,6,True,2.5,4
S0365,7,False,,
S0366,1,False,,
S0366,2,False,,
S0366,3,True,3.9,2
S0366,4,False,,
S0366,5,True,3.8,2
S0366,6,False,,
S0366,7,False,,
S0367,1,False,,
S0367,2,False,,
S0367,3,False,,
S0367,4,False,,
S0367,5,False,,
S0367,6,True,2.2,3
S0367,7,True,3.1,4
S0368,1,False,,
S0368,2,False,,
S0368,3,False,,
S0368,4,True,4.2,6
S0368,5,True,4.1,4
S0368,6,True,3.9,4
S0368,7,False,,
S0369,1,False,,
S0369,2,True,2.9,3
S0369,3,False,,
S0369,4,True,3.3,3
S0369,5,True,3.2,3
S0369,6,False,,
S0369,7,True,3.2,4
S0370,1,True,4.4,3
S0370,2,True,4.3,3
S0370,3,True,4.5,3
S0370,4,False,,
S0370,5,True,4.6,4
S0370,6,True,4.4,2
S0370,7,True,4.0,3
S0371,1,True,4.2,2
S0371,2,True,4.0,2
S0371,3,True,4.2,0
S0371,4,True,4.0,0
S0371,5,True,3.7,0
S0371,6,True,3.3,0
S0371,7,False,,
S0372,1,True,3.8,2
S0372,2,True,3.1,3
S0372,3,False,,
S0372,4,False,,
S0372,5,True,3.0,3
S0372,6,True,3.7,2
S0372,7,True,2.9,2
S0373,1,False,,
S0373,2,False,,
S0373,3,True,3.9,0
S0373,4,True,3.6,0
S0373,5,True,3.9,0
S0373,6,False,,
S0373,7,True,3.7,0
S0374,1,False,,
S0374,2,True,3.5,0
S0374,3,True,4.2,3
S0374,4,True,4.6,0
S0374,5,False,,
S0374,6,True,3.9,0
S0374,7,True,4.1,2
S0375,1,False,,
S0375,2,True,3.9,9
S0375,3,True,3.6,5
S0375,4,False,,
S0375,5,False,,
S0375,6,True,3.0,5
S0375,7,False,,
S0376,1,True,4.8,3
S0376,2,True,4.5,2
S0376,3,False,,
S0376,4,False,,
S0376,5,False,,
S0376,6,True,3.5,0
S0376,7,True,2.8,0
S0377,1,True,1.7,5
S0377,2,True,2.6,5
S0377,3,True,1.6,5
S0377,4,True,1.5,6
S0377,5,False,,
S0377,6,True,2.1,5
S0377,7,True,1.5,5
S0378,1,False,,
S0378,2,True,2.4,1
S0378,3,True,1.8,2
S0378,4,True,1.7,4
S0378,5,True,1.8,1
S0378,6,True,1.9,1
S0378,7,True,1.6,2
S0379,1,True,3.6,3
S0379,2,True,3.2,4
S0379,3,True,3.5,3
S0379,4,True,3.5,5
S0379,5,False,,
S0379,6,False,,
S0379,7,True,3.7,3
S0380,1,False,,
S0380,2,True,3.1,7
S0380,3,False,,
S0380,4,False,,
S0380,5,True,3.4,6
S0380,6,True,2.9,6
S0380,7,False,,
S0381,1,False,,
S0381,2,True,2.9,6
S0381,3,True,2.8,4
S0381,4,True,2.6,3
S0381,5,False,,
S0381,6,False,,
S0381,7,True,2.0,3
S0382,1,True,3.9,2
S0382,2,False,,
S0382,3,True,3.7,3
S0382,4,True,3.8,1
S0382,5,True,4.0,3
S0382,6,False,,
S0382,7,False,,
S0383,1,False,,
S0383,2,True,2.8,4
S0383,3,True,2.6,3
S0383,4,True,3.2,4
S0383,5,False,,
S0383,6,True,3.0,5
S0383,7,False,,
S0384,1,True,3.5,2
S0384,2,True,3.4,0
S0384,3,True,3.3,2
S0384,4,False,,
S0384,5,False,,
S0384,6,True,3.4,1
S0384,7,True,2.5,1
S0385,1,True,3.6,3
S0385,2,True,3.6,3
S0385,3,True,3.2,1
S0385,4,True,3.1,1
S0385,5,True,3.2,1
S0385,6,True,3.9,2
S0385,7,True,3.6,1
S0386,1,True,4.5,4
S0386,2,True,4.1,2
S0386,3,True,4.2,1
S0386,4,True,4.5,4
S0386,5,True,4.4,3
S0386,6,False,,
S0386,7,True,4.0,2
S0387,1,False,,
S0387,2,True,3.1,3
S0387,3,True,3.3,4
S0387,4,True,3.4,1
S0387,5,True,3.2,1
S0387,6,True,3.1,3
S0387,7,True,3.6,3
S0388,1,True,2.3,6
S0388,2,True,2.4,4
S0388,3,False,,
S0388,4,True,2.1,2
S0388,5,False,,
S0388,6,False,,
S0388,7,True,1.5,1
S0389,1,False,,
S0389,2,True,3.5,3
S0389,3,True,3.8,4
S0389,4,False,,
S0389,5,False,,
S0389,6,True,3.8,6
S0389,7,True,3.7,4
S0390,1,False,,
S0390,2,False,,
S0390,3,False,,
S0390,4,True,2.8,1
S0390,5,True,2.6,1
S0390,6,True,2.6,4
S0390,7,False,,
S0391,1,True,3.1,3
S0391,2,True,3.1,4
S0391,3,True,4.1,4
S0391,4,False,,
S0391,5,True,3.8,3
S0391,6,True,3.3,5
S0391,7,True,3.3,0
S0392,1,True,2.8,2
S0392,2,True,2.9,4
S0392,3,True,2.8,4
S0392,4,False,,
S0392,5,False,,
S0392,6,True,2.8,3
S0392,7,False,,
S0393,1,False,,
S0393,2,False,,
S0393,3,True,2.7,0
S0393,4,True,2.7,0
S0393,5,True,3.2,0
S0393,6,False,,
S0393,7,True,2.0,0
S0394,1,True,3.2,10
S0394,2,True,2.7,7
S0394,3,True,3.6,7
S0394,4,True,2.6,7
S0394,5,False,,
S0394,6,True,2.9,6
S0394,7,True,2.9,8
S0395,1,True,3.6,3
S0395,2,False,,
S0395,3,True,3.1,5
S0395,4,True,3.1,4
S0395,5,True,2.8,4
S0395,6,True,3.0,2
S0395,7,False,,
S0396,1,True,4.6,0
S0396,2,False,,
S0396,3,True,5,2
S0396,4,False,,
S0396,5,True,4.5,1
S0396,6,True,4.5,1
S0396,7,True,4.5,0
S0397,1,True,2.8,1
S0397,2,False,,
S0397,3,False,,
S0397,4,False,,
S0397,5,False,,
S0397,6,False,,
S0397,7,True,2.5,3
S0398,1,False,,
S0398,2,False,,
S0398,3,False,,
S0398,4,False,,
S0398,5,False,,
S0398,6,True,3.4,2
S0398,7,True,3.1,2
S0399,1,True,5,4
S0399,2,True,4.8,3
S0399,3,False,,
S0399,4,False,,
S0399,5,True,4.9,3
S0399,6,True,5,2
S0399,7,True,4.7,2
S0400,1,True,3.8,3
S0400,2,False,,
S0400,3,True,4.0,2
S0400,4,False,,
S0400,5,False,,
S0400,6,False,,
S0400,7,False,,
S0401,1,True,5.0,5
S0401,2,True,4.2,4
S0401,3,True,4.6,4
S0401,4,False,,
S0401,5,False,,
S0401,6,False,,
S0401,7,True,3.4,2
S0402,1,True,3.7,8
S0402,2,False,,
S0402,3,True,4.2,7
S0402,4,True,4.1,7
S0402,5,True,4.2,5
S0402,6,True,3.1,7
S0402,7,True,3.6,6
S0403,1,True,2.3,4
S0403,2,False,,
S0403,3,False,,
S0403,4,True,2.6,3
S0403,5,True,2.1,1
S0403,6,False,,
S0403,7,False,,
S0404,1,False,,
S0404,2,False,,
S0404,3,True,2.7,3
S0404,4,True,2.9,4
S0404,5,False,,
S0404,6,False,,
S0404,7,False,,
S0405,1,True,4.8,5
S0405,2,False,,
S0405,3,True,4.2,6
S0405,4,True,5,3
S0405,5,False,,
S0405,6,True,4.6,4
S0405,7,True,4.5,5
S0406,1,True,2.9,1
S0406,2,True,1.9,0
S0406,3,True,2.7,0
S0406,4,False,,
S0406,5,True,3.1,1
S0406,6,True,2.5,2
S0406,7,True,2.7,0
S0407,1,True,3.8,1
S0407,2,True,3.6,0
S0407,3,False,,
S0407,4,True,4.1,0
S0407,5,False,,
S0407,6,True,3.3,0
S0407,7,True,3.3,2
S0408,1,True,4.7,4
S0408,2,True,4.6,4
S0408,3,True,4.3,5
S0408,4,False,,
S0408,5,True,4.4,4
S0408,6,False,,
S0408,7,True,4.3,6
S0409,1,True,2.2,2
S0409,2,True,2.7,0
S0409,3,True,3.2,4
S0409,4,True,3.2,1
S0409,5,True,2.5,4
S0409,6,False,,
S0409,7,True,2.2,2
S0410,1,False,,
S0410,2,False,,
S0410,3,True,4.0,6
S0410,4,True,3.8,6
S0410,5,True,3.9,6
S0410,6,True,3.5,5
S0410,7,True,3.5,3
S0411,1,True,4.6,5
S0411,2,True,4.0,3
S0411,3,False,,
S0411,4,False,,
S0411,5,False,,
S0411,6,True,4.4,4
S0411,7,False,,
S0412,1,False,,
S0412,2,False,,
S0412,3,True,3.6,2
S0412,4,True,3.5,2
S0412,5,True,3.3,3
S0412,6,False,,
S0412,7,False,,
S0413,1,False,,
S0413,2,False,,
S0413,3,True,4.0,5
S0413,4,False,,
S0413,5,True,4.0,4
S0413,6,True,4.0,5
S0413,7,False,,
S0414,1,True,3.7,8
S0414,2,False,,
S0414,3,True,3.7,6
S0414,4,True,4.0,8
S0414,5,True,4.0,7
S0414,6,True,4.4,7
S0414,7,True,4.4,8
S0415,1,True,2.2,4
S0415,2,False,,
S0415,3,True,2.5,4
S0415,4,False,,
S0415,5,True,2.2,2
S0415,6,True,2.4,4
S0415,7,True,2.3,3
S0416,1,False,,
S0416,2,True,2.1,6
S0416,3,True,2.5,7
S0416,4,True,1.8,7
S0416,5,True,1.8,6
S0416,6,True,1.4,6
S0416,7,False,,
S0417,1,True,3.7,2
S0417,2,True,3.3,5
S0417,3,True,3.1,4
S0417,4,False,,
S0417,5,True,3.7,3
S0417,6,False,,
S0417,7,False,,
S0418,1,False,,
S0418,2,True,2.8,3
S0418,3,True,3.0,3
S0418,4,False,,
S0418,5,True,3.2,4
S0418,6,False,,
S0418,7,True,3.1,5
S0419,1,True,5,4
S0419,2,True,4.7,5
S0419,3,True,5,5
S0419,4,True,5.0,6
S0419,5,False,,
S0419,6,True,5,4
S0419,7,True,4.8,5
S0420,1,True,2.8,2
S0420,2,False,,
S0420,3,True,2.7,2
S0420,4,True,3.2,1
S0420,5,False,,
S0420,6,True,3.0,2
S0420,7,True,2.7,2
S0421,1,True,3.3,3
S0421,2,True,3.5,3
S0421,3,False,,
S0421,4,False,,
S0421,5,True,3.3,3
S0421,6,False,,
S0421,7,True,3.4,5
S0422,1,True,1.6,4
S0422,2,True,2.2,5
S0422,3,True,2.0,3
S0422,4,True,2.4,5
S0422,5,True,2.3,4
S0422,6,True,2.3,5
S0422,7,False,,
S0423,1,True,4.2,3
S0423,2,True,3.9,4
S0423,3,False,,
S0423,4,True,4.1,4
S0423,5,True,4.1,4
S0423,6,False,,
S0423,7,True,3.8,5
S0424,1,True,3.6,2
S0424,2,True,3.6,3
S0424,3,True,3.6,4
S0424,4,True,4.0,1
S0424,5,False,,
S0424,6,False,,
S0424,7,True,4.0,4
S0425,1,True,4.8,9
S0425,2,True,4.0,7
S0425,3,True,4.2,7
S0425,4,True,4.2,6
S0425,5,False,,
S0425,6,False,,
S0425,7,True,4.8,10
S0426,1,False,,
S0426,2,False,,
S0426,3,True,3.3,3
S0426,4,False,,
S0426,5,True,2.5,1
S0426,6,True,2.5,2
S0426,7,True,2.4,0
S0427,1,False,,
S0427,2,True,3.2,3
S0427,3,True,2.8,3
S0427,4,False,,
S0427,5,True,2.2,2
S0427,6,True,2.5,1
S0427,7,True,1.6,0
S0428,1,False,,
S0428,2,True,3.5,7
S0428,3,False,,
S0428,4,True,3.5,5
S0428,5,False,,
S0428,6,True,3.6,8
S0428,7,True,3.7,7
S0429,1,True,5,4
S0429,2,True,5,5
S0429,3,True,5,4
S0429,4,True,5.0,5
S0429,5,True,5,5
S0429,6,True,5,4
S0429,7,False,,
S0430,1,True,3.3,4
S0430,2,True,3.0,3
S0430,3,True,3.1,1
S0430,4,True,3.0,1
S0430,5,True,3.2,2
S0430,6,True,2.8,0
S0430,7,False,,
S0431,1,True,1.8,6
S0431,2,False,,
S0431,3,True,2.3,7
S0431,4,False,,
S0431,5,True,2.0,7
S0431,6,True,2.3,7
S0431,7,True,2.1,6
S0432,1,False,,
S0432,2,True,4.4,2
S0432,3,True,3.6,2
S0432,4,True,4.4,2
S0432,5,False,,
S0432,6,True,4.0,3
S0432,7,True,3.8,3
S0433,1,False,,
S0433,2,True,3.1,2
S0433,3,True,2.6,3
S0433,4,False,,
S0433,5,True,2.9,2
S0433,6,True,3.5,3
S0433,7,False,,
S0434,1,True,3.1,3
S0434,2,True,3.5,5
S0434,3,True,2.6,4
S0434,4,False,,
S0434,5,True,3.1,4
S0434,6,True,3.2,4
S0434,7,True,3.0,3
S0435,1,False,,
S0435,2,True,3.3,8
S0435,3,False,,
S0435,4,False,,
S0435,5,False,,
S0435,6,True,3.8,6
S0435,7,True,3.8,6
S0436,1,True,2.8,4
S0436,2,False,,
S0436,3,True,3.2,1
S0436,4,False,,
S0436,5,False,,
S0436,6,True,1.8,3
S0436,7,True,1.7,2
S0437,1,False,,
S0437,2,True,4.1,1
S0437,3,True,4.5,2
S0437,4,True,4.3,1
S0437,5,True,3.9,2
S0437,6,False,,
S0437,7,True,3.9,1
S0438,1,True,3.1,7
S0438,2,False,,
S0438,3,True,3.3,9
S0438,4,True,3.7,7
S0438,5,True,3.5,6
S0438,6,True,3.7,6
S0438,7,False,,
S0439,1,True,3.5,4
S0439,2,True,4.1,2
S0439,3,True,3.5,3
S0439,4,True,3.9,3
S0439,5,False,,
S0439,6,False,,
S0439,7,True,3.9,3
S0440,1,False,,
S0440,2,True,4.0,7
S0440,3,False,,
S0440,4,True,3.4,5
S0440,5,True,4.7,5
S0440,6,True,3.6,6
S0440,7,False,,
S0441,1,True,4.0,5
S0441,2,True,3.6,4
S0441,3,False,,
S0441,4,True,3.5,3
S0441,5,False,,
S0441,6,False,,
S0441,7,False,,
S0442,1,True,4.3,7
S0442,2,True,5.0,8
S0442,3,False,,
S0442,4,True,4.4,6
S0442,5,False,,
S0442,6,True,4.6,7
S0442,7,True,5,5
S0443,1,False,,
S0443,2,True,2.9,2
S0443,3,False,,
S0443,4,True,2.9,3
S0443,5,True,3.0,2
S0443,6,True,2.8,3
S0443,7,True,2.6,3
S0444,1,True,2.7,0
S0444,2,True,3.3,0
S0444,3,False,,
S0444,4,True,2.9,0
S0444,5,True,2.6,1
S0444,6,False,,
S0444,7,True,2.0,0
S0445,1,True,2.8,6
S0445,2,False,,
S0445,3,False,,
S0445,4,True,2.8,5
S0445,5,False,,
S0445,6,False,,
S0445,7,True,2.7,7
S0446,1,False,,
S0446,2,False,,
S0446,3,True,4.4,5
S0446,4,True,4.0,3
S0446,5,True,4.0,3
S0446,6,True,4.3,4
S0446,7,True,3.5,3
S0447,1,True,3.9,1
S0447,2,True,3.8,3
S0447,3,False,,
S0447,4,False,,
S0447,5,True,3.7,4
S0447,6,False,,
S0447,7,True,3.5,3
S0448,1,False,,
S0448,2,False,,
S0448,3,True,3.5,7
S0448,4,True,4.4,5
S0448,5,False,,
S0448,6,True,3.9,6
S0448,7,True,3.9,5
S0449,1,True,2.7,5
S0449,2,True,2.5,5
S0449,3,True,2.5,5
S0449,4,True,3.1,7
S0449,5,True,3.2,8
S0449,6,True,2.6,4
S0449,7,True,3.1,6
S0450,1,False,,
S0450,2,True,3.2,3
S0450,3,True,4.0,2
S0450,4,True,3.7,5
S0450,5,True,3.8,2
S0450,6,True,3.7,3
S0450,7,True,3.5,4
S0451,1,False,,
S0451,2,True,3.3,7
S0451,3,True,3.8,7
S0451,4,True,3.1,6
S0451,5,False,,
S0451,6,True,2.6,5
S0451,7,True,2.0,6
S0452,1,True,2.6,4
S0452,2,False,,
S0452,3,True,2.4,1
S0452,4,True,1.6,2
S0452,5,False,,
S0452,6,True,1.8,0
S0452,7,False,,
S0453,1,False,,
S0453,2,True,4.6,3
S0453,3,False,,
S0453,4,False,,
S0453,5,False,,
S0453,6,False,,
S0453,7,True,4.1,2
S0454,1,True,3.3,5
S0454,2,False,,
S0454,3,True,3.3,4
S0454,4,True,4.3,4
S0454,5,False,,
S0454,6,True,3.9,6
S0454,7,False,,
S0455,1,True,4.1,5
S0455,2,True,4.3,7
S0455,3,False,,
S0455,4,False,,
S0455,5,True,3.8,8
S0455,6,True,3.7,5
S0455,7,False,,
S0456,1,True,5.0,6
S0456,2,False,,
S0456,3,True,4.7,6
S0456,4,False,,
S0456,5,True,4.6,5
S0456,6,True,4.4,7
S0456,7,False,,
S0457,1,True,4.5,4
S0457,2,False,,
S0457,3,True,4.4,4
S0457,4,False,,
S0457,5,True,4.6,5
S0457,6,True,4.9,5
S0457,7,True,4.6,3
S0458,1,False,,
S0458,2,True,2.7,1
S0458,3,True,2.8,2
S0458,4,False,,
S0458,5,True,2.9,0
S0458,6,True,3.1,0
S0458,7,True,2.8,0
S0459,1,True,3.9,3
S0459,2,True,4.0,3
S0459,3,True,4.1,6
S0459,4,True,3.6,2
S0459,5,True,4.3,4
S0459,6,True,4.0,4
S0459,7,True,3.7,3
S0460,1,False,,
S0460,2,False,,
S0460,3,False,,
S0460,4,True,4.3,5
S0460,5,True,4.6,5
S0460,6,False,,
S0460,7,True,4.5,6
S0461,1,True,3.0,3
S0461,2,True,2.4,3
S0461,3,True,2.6,2
S0461,4,True,2.8,3
S0461,5,False,,
S0461,6,False,,
S0461,7,True,2.6,3
S0462,1,True,4.5,1
S0462,2,True,4.3,3
S0462,3,True,3.8,3
S0462,4,True,4.6,4
S0462,5,True,4.8,6
S0462,6,False,,
S0462,7,True,5,5
S0463,1,False,,
S0463,2,False,,
S0463,3,True,3.1,7
S0463,4,True,2.2,6
S0463,5,True,2.4,3
S0463,6,True,1.8,3
S0463,7,True,1.6,2
S0464,1,False,,
S0464,2,False,,
S0464,3,True,2.5,3
S0464,4,True,2.9,3
S0464,5,True,2.9,3
S0464,6,False,,
S0464,7,False,,
S0465,1,True,3.0,0
S0465,2,False,,
S0465,3,True,2.6,1
S0465,4,True,1.5,0
S0465,5,True,2.5,2
S0465,6,False,,
S0465,7,False,,
S0466,1,False,,
S0466,2,False,,
S0466,3,True,1.3,6
S0466,4,False,,
S0466,5,True,2.0,6
S0466,6,False,,
S0466,7,False,,
S0467,1,True,3.7,5
S0467,2,False,,
S0467,3,True,3.6,4
S0467,4,True,3.9,2
S0467,5,True,3.3,3
S0467,6,False,,
S0467,7,True,3.6,3
S0468,1,False,,
S0468,2,True,3.1,5
S0468,3,True,3.2,6
S0468,4,True,3.3,4
S0468,5,False,,
S0468,6,True,3.4,4
S0468,7,True,3.6,4
S0469,1,False,,
S0469,2,True,2.7,0
S0469,3,True,2.6,1
S0469,4,False,,
S0469,5,True,2.3,3
S0469,6,True,3.0,3
S0469,7,True,2.4,3
S0470,1,False,,
S0470,2,False,,
S0470,3,False,,
S0470,4,True,4.3,5
S0470,5,True,4.1,7
S0470,6,False,,
S0470,7,False,,
S0471,1,True,2.4,3
S0471,2,True,2.2,2
S0471,3,False,,
S0471,4,True,2.6,4
S0471,5,True,2.3,7
S0471,6,True,2.0,2
S0471,7,False,,
S0472,1,True,1.7,6
S0472,2,True,1.5,3
S0472,3,False,,
S0472,4,True,1.6,3
S0472,5,True,1.6,3
S0472,6,True,1.1,4
S0472,7,False,,
S0473,1,True,2.6,2
S0473,2,False,,
S0473,3,True,2.8,1
S0473,4,True,3.2,1
S0473,5,True,3.9,1
S0473,6,False,,
S0473,7,True,3.6,1
S0474,1,False,,
S0474,2,True,4.2,6
S0474,3,True,3.7,6
S0474,4,False,,
S0474,5,True,4.2,7
S0474,6,True,4.4,7
S0474,7,True,4.5,7
S0475,1,True,2.5,1
S0475,2,False,,
S0475,3,True,2.7,0
S0475,4,False,,
S0475,5,True,2.8,1
S0475,6,True,2.8,2
S0475,7,True,3.1,0
S0476,1,False,,
S0476,2,True,3.5,7
S0476,3,True,4.3,8
S0476,4,True,4.0,6
S0476,5,True,3.3,6
S0476,6,True,3.5,4
S0476,7,True,3.7,7
S0477,1,True,2.8,5
S0477,2,True,2.9,4
S0477,3,True,2.7,3
S0477,4,True,3.5,3
S0477,5,True,3.1,3
S0477,6,False,,
S0477,7,False,,
S0478,1,True,3.8,3
S0478,2,False,,
S0478,3,True,3.3,3
S0478,4,False,,
S0478,5,False,,
S0478,6,False,,
S0478,7,True,3.8,3
S0479,1,True,3.2,3
S0479,2,False,,
S0479,3,False,,
S0479,4,True,3.0,1
S0479,5,False,,
S0479,6,False,,
S0479,7,True,2.8,0
S0480,1,False,,
S0480,2,True,4.4,2
S0480,3,False,,
S0480,4,False,,
S0480,5,False,,
S0480,6,True,4.9,3
S0480,7,False,,
S0481,1,False,,
S0481,2,True,4.0,8
S0481,3,True,4.0,9
S0481,4,False,,
S0481,5,True,3.6,8
S0481,6,False,,
S0481,7,False,,
S0482,1,True,4.4,8
S0482,2,False,,
S0482,3,True,4.3,10
S0482,4,False,,
S0482,5,True,4.1,8
S0482,6,True,4.2,10
S0482,7,True,4.0,9
S0483,1,False,,
S0483,2,False,,
S0483,3,True,1.7,2
S0483,4,False,,
S0483,5,True,1.8,0
S0483,6,False,,
S0483,7,True,1,0
S0484,1,False,,
S0484,2,True,3.5,0
S0484,3,True,2.6,0
S0484,4,True,2.6,0
S0484,5,False,,
S0484,6,True,2.9,0
S0484,7,True,3.5,0
S0485,1,True,3.9,6
S0485,2,True,4.2,6
S0485,3,False,,
S0485,4,True,4.4,5
S0485,5,True,4.6,5
S0485,6,True,3.5,5
S0485,7,False,,
S0486,1,False,,
S0486,2,True,4.6,2
S0486,3,False,,
S0486,4,True,4.5,2
S0486,5,True,4.2,3
S0486,6,True,4.5,1
S0486,7,True,4.4,3
S0487,1,True,2.7,1
S0487,2,True,2.7,1
S0487,3,False,,
S0487,4,False,,
S0487,5,False,,
S0487,6,False,,
S0487,7,True,2.6,0
S0488,1,True,3.5,1
S0488,2,True,4.0,0
S0488,3,True,3.4,1
S0488,4,True,3.8,0
S0488,5,True,2.8,1
S0488,6,False,,
S0488,7,True,3.6,2
S0489,1,True,3.5,2
S0489,2,True,4.3,1
S0489,3,True,3.6,1
S0489,4,False,,
S0489,5,True,3.9,2
S0489,6,False,,
S0489,7,False,,
S0490,1,False,,
S0490,2,False,,
S0490,3,False,,
S0490,4,True,3.2,5
S0490,5,False,,
S0490,6,True,3.3,5
S0490,7,True,3.1,6
S0491,1,True,2.5,0
S0491,2,False,,
S0491,3,True,3.0,1
S0491,4,True,2.8,1
S0491,5,True,3.1,0
S0491,6,True,3.1,1
S0491,7,True,2.7,1
S0492,1,True,2.9,3
S0492,2,True,3.0,5
S0492,3,False,,
S0492,4,True,3.7,3
S0492,5,True,3.3,4
S0492,6,True,3.2,3
S0492,7,True,3.6,5
S0493,1,True,2.9,1
S0493,2,True,3.2,1
S0493,3,False,,
S0493,4,True,3.1,1
S0493,5,False,,
S0493,6,False,,
S0493,7,False,,
S0494,1,True,3.6,1
S0494,2,True,3.1,0
S0494,3,True,3.3,0
S0494,4,False,,
S0494,5,True,3.8,0
S0494,6,False,,
S0494,7,False,,
S0495,1,True,2.1,0
S0495,2,True,2.0,1
S0495,3,True,1.6,3
S0495,4,True,1.3,3
S0495,5,True,1.9,0
S0495,6,True,2.3,1
S0495,7,True,1.6,1
S0496,1,False,,
S0496,2,True,4.0,5
S0496,3,True,3.3,6
S0496,4,True,4.4,5
S0496,5,False,,
S0496,6,False,,
S0496,7,False,,
S0497,1,False,,
S0497,2,False,,
S0497,3,True,3.7,2
S0497,4,True,3.4,2
S0497,5,False,,
S0497,6,True,3.2,0
S0497,7,True,4.1,1
S0498,1,False,,
S0498,2,True,3.3,7
S0498,3,True,3.4,6
S0498,4,True,3.4,6
S0498,5,True,2.9,5
S0498,6,False,,
S0498,7,False,,
S0499,1,False,,
S0499,2,False,,
S0499,3,False,,
S0499,4,True,4.7,4
S0499,5,True,4.6,5
S0499,6,False,,
S0499,7,True,4.4,4
S0500,1,False,,
S0500,2,True,3.4,5
S0500,3,True,2.7,6
S0500,4,True,3.1,6
S0500,5,True,3.1,6
S0500,6,True,3.2,6
S0500,7,True,2.8,6
S0501,1,True,3.3,7
S0501,2,True,3.5,7
S0501,3,True,4.2,5
S0501,4,True,3.4,5
S0501,5,True,3.8,4
S0501,6,True,4.2,5
S0501,7,True,3.8,3
S0502,1,False,,
S0502,2,False,,
S0502,3,True,2.8,2
S0502,4,True,3.2,5
S0502,5,True,3.0,4
S0502,6,True,3.3,4
S0502,7,True,3.7,5
S0503,1,True,4.2,6
S0503,2,False,,
S0503,3,True,3.5,6
S0503,4,False,,
S0503,5,True,4.0,7
S0503,6,True,3.9,7
S0503,7,False,,
S0504,1,True,3.4,0
S0504,2,True,2.8,0
S0504,3,False,,
S0504,4,True,2.9,0
S0504,5,True,3.1,0
S0504,6,True,3.1,0
S0504,7,False,,
S0505,1,True,2.5,3
S0505,2,False,,
S0505,3,True,2.7,3
S0505,4,False,,
S0505,5,False,,
S0505,6,False,,
S0505,7,True,2.8,4
S0506,1,True,3.8,4
S0506,2,True,4.3,2
S0506,3,False,,
S0506,4,False,,
S0506,5,False,,
S0506,6,False,,
S0506,7,False,,
S0507,1,True,3.6,0
S0507,2,False,,
S0507,3,True,3.1,0
S0507,4,True,3.4,0
S0507,5,False,,
S0507,6,True,3.7,0
S0507,7,True,4.1,0
S0508,1,True,1.9,2
S0508,2,False,,
S0508,3,True,2.1,3
S0508,4,True,1.6,1
S0508,5,True,2.3,3
S0508,6,True,2.2,2
S0508,7,False,,
S0509,1,True,4.6,5
S0509,2,False,,
S0509,3,False,,
S0509,4,False,,
S0509,5,True,4.1,7
S0509,6,True,4.1,5
S0509,7,True,5,4
S0510,1,True,3.4,6
S0510,2,True,3.9,5
S0510,3,True,3.5,4
S0510,4,False,,
S0510,5,True,4.0,6
S0510,6,False,,
S0510,7,True,3.3,5
S0511,1,True,2.9,2
S0511,2,False,,
S0511,3,True,4.0,3
S0511,4,False,,
S0511,5,True,4.0,4
S0511,6,True,3.7,2
S0511,7,False,,
S0512,1,True,3.6,4
S0512,2,False,,
S0512,3,False,,
S0512,4,False,,
S0512,5,False,,
S0512,6,False,,
S0512,7,True,2.3,0
S0513,1,True,4.4,1
S0513,2,False,,
S0513,3,True,3.7,0
S0513,4,True,4.2,0
S0513,5,True,3.5,0
S0513,6,False,,
S0513,7,False,,
S0514,1,False,,
S0514,2,True,4.1,1
S0514,3,False,,
S0514,4,True,3.6,1
S0514,5,True,4.1,1
S0514,6,False,,
S0514,7,True,3.9,1
S0515,1,True,4.7,3
S0515,2,False,,
S0515,3,True,4.5,3
S0515,4,False,,
S0515,5,True,3.9,0
S0515,6,True,4.6,1
S0515,7,True,4.5,1
S0516,1,True,3.7,6
S0516,2,False,,
S0516,3,False,,
S0516,4,False,,
S0516,5,True,4.2,5
S0516,6,True,3.9,5
S0516,7,True,3.8,6
S0517,1,True,2.5,0
S0517,2,False,,
S0517,3,True,2.6,0
S0517,4,True,2.3,0
S0517,5,False,,
S0517,6,True,2.4,0
S0517,7,True,1.9,0
S0518,1,True,3.0,3
S0518,2,False,,
S0518,3,True,2.9,0
S0518,4,False,,
S0518,5,False,,
S0518,6,True,2.5,0
S0518,7,True,2.8,1
S0519,1,True,3.3,1
S0519,2,True,3.0,0
S0519,3,False,,
S0519,4,True,3.3,1
S0519,5,True,3.2,2
S0519,6,True,3.4,1
S0519,7,True,3.1,0
S0520,1,True,2.5,2
S0520,2,True,2.9,1
S0520,3,False,,
S0520,4,True,2.9,3
S0520,5,True,2.3,3
S0520,6,True,2.6,4
S0520,7,False,,
S0521,1,False,,
S0521,2,True,3.5,5
S0521,3,False,,
S0521,4,True,3.8,7
S0521,5,True,3.3,4
S0521,6,True,3.6,5
S0521,7,False,,
S0522,1,True,3.6,5
S0522,2,True,3.3,6
S0522,3,False,,
S0522,4,False,,
S0522,5,True,3.0,3
S0522,6,True,2.8,2
S0522,7,False,,
S0523,1,True,5,3
S0523,2,True,4.7,3
S0523,3,True,4.8,2
S0523,4,True,4.4,2
S0523,5,True,4.9,3
S0523,6,True,4.8,1
S0523,7,False,,
S0524,1,True,3.3,6
S0524,2,False,,
S0524,3,False,,
S0524,4,False,,
S0524,5,True,3.3,6
S0524,6,True,3.4,8
S0524,7,True,3.4,6
S0525,1,True,3.2,3
S0525,2,True,3.1,4
S0525,3,True,3.4,3
S0525,4,False,,
S0525,5,True,3.2,4
S0525,6,False,,
S0525,7,True,4.0,4
S0526,1,True,4.7,7
S0526,2,True,4.1,5
S0526,3,False,,
S0526,4,True,4.2,5
S0526,5,True,3.7,6
S0526,6,False,,
S0526,7,False,,
S0527,1,True,2.9,9
S0527,2,False,,
S0527,3,True,2.9,6
S0527,4,True,3.2,7
S0527,5,True,3.6,8
S0527,6,True,3.8,7
S0527,7,True,3.7,9
S0528,1,False,,
S0528,2,True,3.9,4
S0528,3,False,,
S0528,4,True,3.4,4
S0528,5,True,3.1,2
S0528,6,False,,
S0528,7,False,,
S0529,1,True,4.4,6
S0529,2,True,3.9,7
S0529,3,True,4.5,6
S0529,4,True,4.3,5
S0529,5,False,,
S0529,6,True,4.4,5
S0529,7,True,3.9,4
S0530,1,True,4.7,1
S0530,2,True,4.8,1
S0530,3,True,4.5,2
S0530,4,True,4.9,4
S0530,5,False,,
S0530,6,True,4.3,2
S0530,7,True,5,2
S0531,1,True,4.2,2
S0531,2,True,3.7,3
S0531,3,False,,
S0531,4,False,,
S0531,5,True,4.1,2
S0531,6,False,,
S0531,7,False,,
S0532,1,False,,
S0532,2,True,4.1,4
S0532,3,False,,
S0532,4,True,3.7,5
S0532,5,True,3.8,5
S0532,6,True,4.0,5
S0532,7,False,,
S0533,1,True,3.8,4
S0533,2,False,,
S0533,3,False,,
S0533,4,False,,
S0533,5,True,3.7,3
S0533,6,True,3.5,2
S0533,7,True,3.3,3
S0534,1,False,,
S0534,2,True,2.8,6
S0534,3,True,3.1,5
S0534,4,False,,
S0534,5,True,3.2,5
S0534,6,True,4.1,8
S0534,7,True,3.7,6
S0535,1,True,3.9,2
S0535,2,True,3.4,6
S0535,3,True,4.1,5
S0535,4,True,3.9,5
S0535,5,False,,
S0535,6,False,,
S0535,7,True,3.7,5
S0536,1,True,3.5,3
S0536,2,True,4.1,3
S0536,3,True,3.8,3
S0536,4,True,3.7,2
S0536,5,False,,
S0536,6,False,,
S0536,7,False,,
S0537,1,False,,
S0537,2,True,3.5,3
S0537,3,True,4.2,4
S0537,4,True,3.5,1
S0537,5,True,4.2,2
S0537,6,False,,
S0537,7,False,,
S0538,1,True,3.1,3
S0538,2,True,3.0,2
S0538,3,False,,
S0538,4,True,3.2,2
S0538,5,True,3.4,4
S0538,6,True,3.1,2
S0538,7,True,3.0,4
S0539,1,False,,
S0539,2,True,2.8,5
S0539,3,True,2.5,2
S0539,4,True,2.6,3
S0539,5,False,,
S0539,6,True,2.3,6
S0539,7,True,2.0,2
S0540,1,True,3.3,2
S0540,2,True,2.8,3
S0540,3,False,,
S0540,4,True,4.1,3
S0540,5,False,,
S0540,6,True,3.4,3
S0540,7,True,3.3,4
S0541,1,True,4.0,0
S0541,2,False,,
S0541,3,True,4.1,0
S0541,4,False,,
S0541,5,True,4.1,0
S0541,6,True,3.9,0
S0541,7,True,4.1,0
S0542,1,True,2.5,6
S0542,2,False,,
S0542,3,True,2.8,4
S0542,4,False,,
S0542,5,False,,
S0542,6,True,1.9,1
S0542,7,True,1.6,1
S0543,1,False,,
S0543,2,True,3.5,1
S0543,3,True,3.4,2
S0543,4,True,3.2,1
S0543,5,True,3.0,0
S0543,6,True,3.3,3
S0543,7,True,3.1,0
S0544,1,True,2.9,8
S0544,2,True,3.2,7
S0544,3,True,2.8,9
S0544,4,False,,
S0544,5,False,,
S0544,6,True,3.2,7
S0544,7,False,,
S0545,1,True,3.4,5
S0545,2,False,,
S0545,3,False,,
S0545,4,False,,
S0545,5,False,,
S0545,6,True,4.1,5
S0545,7,False,,
S0546,1,True,3.6,4
S0546,2,False,,
S0546,3,False,,
S0546,4,False,,
S0546,5,True,3.9,3
S0546,6,True,4.0,3
S0546,7,True,4.0,4
S0547,1,True,3.6,4
S0547,2,False,,
S0547,3,False,,
S0547,4,True,2.8,2
S0547,5,False,,
S0547,6,True,3.2,2
S0547,7,False,,
S0548,1,True,4.2,6
S0548,2,False,,
S0548,3,False,,
S0548,4,False,,
S0548,5,False,,
S0548,6,True,4.2,4
S0548,7,True,3.4,5
S0549,1,True,2.2,2
S0549,2,True,2.2,2
S0549,3,False,,
S0549,4,True,2.4,2
S0549,5,False,,
S0549,6,True,1.7,0
S0549,7,True,1.8,0
S0550,1,True,2.7,4
S0550,2,True,3.2,3
S0550,3,True,2.2,1
S0550,4,True,2.3,1
S0550,5,False,,
S0550,6,False,,
S0550,7,True,1.7,0
S0551,1,True,3.7,1
S0551,2,True,3.5,0
S0551,3,True,3.3,2
S0551,4,False,,
S0551,5,True,2.9,0
S0551,6,True,2.7,0
S0551,7,False,,
S0552,1,False,,
S0552,2,True,2.5,1
S0552,3,True,2.4,1
S0552,4,True,2.6,0
S0552,5,False,,
S0552,6,True,2.8,1
S0552,7,True,2.8,0
S0553,1,True,4.7,10
S0553,2,False,,
S0553,3,True,4.7,8
S0553,4,True,4.6,8
S0553,5,False,,
S0553,6,False,,
S0553,7,True,4.9,9
S0554,1,True,4.3,2
S0554,2,True,4.1,1
S0554,3,True,4.1,0
S0554,4,True,3.6,0
S0554,5,False,,
S0554,6,False,,
S0554,7,False,,
S0555,1,False,,
S0555,2,True,4.1,2
S0555,3,True,4.9,1
S0555,4,True,4.1,5
S0555,5,True,4.8,5
S0555,6,True,4.3,3
S0555,7,True,4.3,3
S0556,1,True,2.2,2
S0556,2,True,3.2,5
S0556,3,False,,
S0556,4,True,2.5,2
S0556,5,True,2.5,4
S0556,6,True,2.3,2
S0556,7,False,,
S0557,1,True,5,8
S0557,2,False,,
S0557,3,True,5,9
S0557,4,True,4.7,9
S0557,5,True,4.3,7
S0557,6,True,5.0,5
S0557,7,False,,
S0558,1,False,,
S0558,2,True,3.9,1
S0558,3,True,3.6,1
S0558,4,True,4.1,3
S0558,5,True,3.7,3
S0558,6,True,4.4,3
S0558,7,False,,
S0559,1,True,2.0,5
S0559,2,False,,
S0559,3,True,2.1,5
S0559,4,False,,
S0559,5,True,2.6,7
S0559,6,True,3.0,6
S0559,7,False,,
S0560,1,True,2.2,1
S0560,2,True,2.9,2
S0560,3,True,2.2,2
S0560,4,True,2.8,1
S0560,5,False,,
S0560,6,False,,
S0560,7,True,2.4,1
S0561,1,True,3.6,7
S0561,2,False,,
S0561,3,True,4.0,4
S0561,4,True,3.3,6
S0561,5,True,3.8,7
S0561,6,False,,
S0561,7,True,4.7,7
S0562,1,False,,
S0562,2,False,,
S0562,3,True,1.3,5
S0562,4,True,2.0,4
S0562,5,True,1.7,2
S0562,6,True,1.8,3
S0562,7,False,,
S0563,1,True,3.6,8
S0563,2,True,3.9,7
S0563,3,True,3.3,5
S0563,4,True,3.4,5
S0563,5,True,2.9,6
S0563,6,True,3.2,6
S0563,7,True,2.6,5
S0564,1,True,2.6,5
S0564,2,True,2.3,7
S0564,3,False,,
S0564,4,True,1.9,6
S0564,5,True,2.0,6
S0564,6,False,,
S0564,7,False,,
S0565,1,False,,
S0565,2,True,2.8,0
S0565,3,False,,
S0565,4,True,2.4,2
S0565,5,True,2.4,0
S0565,6,True,1.9,1
S0565,7,True,2.0,0
S0566,1,True,3.8,8
S0566,2,True,3.6,7
S0566,3,True,4.2,8
S0566,4,True,3.7,7
S0566,5,False,,
S0566,6,False,,
S0566,7,True,3.4,7
S0567,1,False,,
S0567,2,False,,
S0567,3,False,,
S0567,4,True,3.7,5
S0567,5,True,3.3,5
S0567,6,True,3.9,5
S0567,7,True,3.0,6
S0568,1,False,,
S0568,2,True,2.6,5
S0568,3,False,,
S0568,4,True,2.2,5
S0568,5,False,,
S0568,6,True,2.8,7
S0568,7,True,3.3,6
S0569,1,False,,
S0569,2,True,3.0,8
S0569,3,True,3.8,10
S0569,4,True,3.6,7
S0569,5,True,3.3,5
S0569,6,True,3.6,8
S0569,7,True,3.3,7
S0570,1,True,3.0,6
S0570,2,True,3.6,7
S0570,3,False,,
S0570,4,True,3.2,8
S0570,5,True,3.1,8
S0570,6,True,3.3,9
S0570,7,False,,
S0571,1,False,,
S0571,2,False,,
S0571,3,False,,
S0571,4,True,3.4,10
S0571,5,False,,
S0571,6,False,,
S0571,7,False,,
S0572,1,False,,
S0572,2,False,,
S0572,3,True,2.0,0
S0572,4,True,2.2,0
S0572,5,True,1.8,0
S0572,6,True,1.3,0
S0572,7,False,,
S0573,1,False,,
S0573,2,False,,
S0573,3,True,3.5,7
S0573,4,True,3.7,6
S0573,5,True,3.7,5
S0573,6,True,3.8,8
S0573,7,True,3.4,5
S0574,1,True,3.1,6
S0574,2,False,,
S0574,3,True,3.6,3
S0574,4,False,,
S0574,5,True,3.6,6
S0574,6,False,,
S0574,7,False,,
S0575,1,False,,
S0575,2,True,4.3,0
S0575,3,False,,
S0575,4,True,4.5,0
S0575,5,False,,
S0575,6,True,3.7,0
S0575,7,False,,
S0576,1,True,2.8,3
S0576,2,True,2.7,2
S0576,3,False,,
S0576,4,False,,
S0576,5,True,1.7,0
S0576,6,True,1.4,1
S0576,7,False,,
S0577,1,True,3.6,0
S0577,2,True,3.7,0
S0577,3,True,3.6,0
S0577,4,True,3.5,0
S0577,5,True,3.8,0
S0577,6,True,4.1,0
S0577,7,True,3.3,0
S0578,1,False,,
S0578,2,False,,
S0578,3,False,,
S0578,4,True,4.1,0
S0578,5,True,4.4,0
S0578,6,True,4.1,0
S0578,7,True,4.4,0
S0579,1,True,3.3,4
S0579,2,False,,
S0579,3,True,2.9,4
S0579,4,True,2.6,4
S0579,5,True,3.8,3
S0579,6,True,2.7,6
S0579,7,True,2.8,6
S0580,1,False,,
S0580,2,True,2.8,0
S0580,3,True,2.7,1
S0580,4,False,,
S0580,5,False,,
S0580,6,True,2.5,0
S0580,7,True,2.8,0
S0581,1,False,,
S0581,2,False,,
S0581,3,False,,
S0581,4,False,,
S0581,5,False,,
S0581,6,True,3.6,4
S0581,7,False,,
S0582,1,False,,
S0582,2,False,,
S0582,3,True,3.7,0
S0582,4,False,,
S0582,5,True,3.2,0
S0582,6,True,2.8,0
S0582,7,False,,
S0583,1,False,,
S0583,2,True,3.5,10
S0583,3,True,3.7,9
S0583,4,True,3.4,10
S0583,5,True,3.6,8
S0583,6,False,,
S0583,7,False,,
S0584,1,False,,
S0584,2,True,3.9,4
S0584,3,True,4.3,4
S0584,4,False,,
S0584,5,True,3.4,3
S0584,6,False,,
S0584,7,True,4.5,4
S0585,1,False,,
S0585,2,True,2.8,1
S0585,3,False,,
S0585,4,True,2.5,0
S0585,5,True,2.5,0
S0585,6,True,2.3,1
S0585,7,False,,
S0586,1,True,4.6,6
S0586,2,True,4.4,7
S0586,3,True,4.5,6
S0586,4,True,4.7,6
S0586,5,False,,
S0586,6,False,,
S0586,7,False,,
S0587,1,True,3.2,8
S0587,2,True,3.3,9
S0587,3,True,2.8,7
S0587,4,True,2.5,7
S0587,5,True,2.7,9
S0587,6,True,2.7,8
S0587,7,True,3.1,9
S0588,1,False,,
S0588,2,False,,
S0588,3,True,3.9,3
S0588,4,True,4.5,4
S0588,5,False,,
S0588,6,True,4.3,3
S0588,7,True,3.7,6
S0589,1,True,3.4,0
S0589,2,False,,
S0589,3,False,,
S0589,4,False,,
S0589,5,False,,
S0589,6,False,,
S0589,7,False,,
S0590,1,False,,
S0590,2,True,2.7,1
S0590,3,True,3.0,0
S0590,4,True,3.0,0
S0590,5,True,3.0,1
S0590,6,False,,
S0590,7,True,2.9,0
S0591,1,False,,
S0591,2,True,4.3,4
S0591,3,False,,
S0591,4,False,,
S0591,5,True,3.4,3
S0591,6,True,3.3,5
S0591,7,False,,
S0592,1,True,3.7,6
S0592,2,True,3.0,9
S0592,3,True,2.7,7
S0592,4,True,2.7,7
S0592,5,False,,
S0592,6,False,,
S0592,7,True,1.8,6
S0593,1,True,3.3,1
S0593,2,True,3.3,0
S0593,3,False,,
S0593,4,True,3.3,0
S0593,5,False,,
S0593,6,True,2.8,0
S0593,7,True,2.1,0
S0594,1,False,,
S0594,2,True,3.9,5
S0594,3,False,,
S0594,4,False,,
S0594,5,True,3.7,7
S0594,6,False,,
S0594,7,False,,
S0595,1,True,3.9,2
S0595,2,True,4.0,2
S0595,3,False,,
S0595,4,True,3.9,4
S0595,5,True,3.9,3
S0595,6,True,3.8,4
S0595,7,False,,
S0596,1,False,,
S0596,2,True,3.4,0
S0596,3,True,3.5,0
S0596,4,False,,
S0596,5,True,3.4,1
S0596,6,False,,
S0596,7,True,3.2,0
S0597,1,True,3.6,12
S0597,2,True,3.3,11
S0597,3,False,,
S0597,4,True,2.7,12
S0597,5,False,,
S0597,6,True,3.3,11
S0597,7,False,,
S0598,1,True,3.5,6
S0598,2,False,,
S0598,3,True,3.6,3
S0598,4,False,,
S0598,5,True,3.9,4
S0598,6,True,4.0,5
S0598,7,True,4.2,3
S0599,1,True,3.1,3
S0599,2,False,,
S0599,3,False,,
S0599,4,False,,
S0599,5,True,3.1,3
S0599,6,False,,
S0599,7,True,2.8,4
S0600,1,True,3.3,6
S0600,2,True,3.2,2
S0600,3,False,,
S0600,4,True,3.6,4
S0600,5,True,3.5,6
S0600,6,True,3.9,5
S0600,7,True,3.9,3
S0601,1,False,,
S0601,2,True,3.1,0
S0601,3,False,,
S0601,4,True,2.9,0
S0601,5,True,2.8,0
S0601,6,True,2.5,0
S0601,7,True,2.6,1
S0602,1,True,3.7,1
S0602,2,True,4.3,2
S0602,3,True,3.9,0
S0602,4,True,3.7,0
S0602,5,True,4.0,0
S0602,6,False,,
S0602,7,True,3.1,0
S0603,1,True,2.9,2
S0603,2,True,3.0,0
S0603,3,False,,
S0603,4,False,,
S0603,5,True,2.3,0
S0603,6,False,,
S0603,7,True,2.1,0
S0604,1,True,3.6,4
S0604,2,False,,
S0604,3,False,,
S0604,4,True,3.8,4
S0604,5,False,,
S0604,6,True,3.9,6
S0604,7,True,4.4,6
S0605,1,True,3.5,4
S0605,2,True,3.9,4
S0605,3,True,3.9,6
S0605,4,False,,
S0605,5,True,3.9,3
S0605,6,True,3.3,5
S0605,7,False,,
S0606,1,False,,
S0606,2,False,,
S0606,3,True,3.7,3
S0606,4,False,,
S0606,5,True,3.5,4
S0606,6,True,4.0,3
S0606,7,True,4.2,4
S0607,1,True,4.0,2
S0607,2,True,3.6,5
S0607,3,True,3.5,3
S0607,4,False,,
S0607,5,True,3.9,1
S0607,6,False,,
S0607,7,False,,
S0608,1,True,3.6,6
S0608,2,True,4.2,5
S0608,3,True,3.3,5
S0608,4,True,3.8,6
S0608,5,True,4.1,6
S0608,6,False,,
S0608,7,True,3.8,5
S0609,1,False,,
S0609,2,True,3.3,5
S0609,3,True,3.3,6
S0609,4,True,3.9,7
S0609,5,True,3.5,6
S0609,6,True,3.1,4
S0609,7,True,3.3,5
S0610,1,True,3.5,2
S0610,2,True,3.0,5
S0610,3,True,3.8,2
S0610,4,True,3.2,2
S0610,5,False,,
S0610,6,False,,
S0610,7,False,,
S0611,1,False,,
S0611,2,True,4.1,3
S0611,3,True,4.2,4
S0611,4,True,3.9,4
S0611,5,True,3.5,4
S0611,6,True,4.0,4
S0611,7,True,3.7,5
S0612,1,True,3.4,2
S0612,2,False,,
S0612,3,True,3.4,1
S0612,4,True,2.9,0
S0612,5,True,2.8,1
S0612,6,True,2.5,0
S0612,7,False,,
S0613,1,False,,
S0613,2,True,4.1,9
S0613,3,True,4.1,4
S0613,4,True,3.3,6
S0613,5,True,4.2,7
S0613,6,False,,
S0613,7,False,,
S0614,1,False,,
S0614,2,False,,
S0614,3,True,2.5,1
S0614,4,True,2.5,2
S0614,5,False,,
S0614,6,True,2.5,1
S0614,7,False,,
S0615,1,True,3.7,2
S0615,2,True,3.7,0
S0615,3,True,4.2,3
S0615,4,False,,
S0615,5,True,3.1,4
S0615,6,False,,
S0615,7,True,3.7,2
S0616,1,True,4.6,0
S0616,2,True,4.0,1
S0616,3,False,,
S0616,4,False,,
S0616,5,True,4.5,0
S0616,6,True,4.1,1
S0616,7,False,,
S0617,1,False,,
S0617,2,True,4.8,3
S0617,3,True,4.9,3
S0617,4,True,4.5,3
S0617,5,True,4.7,4
S0617,6,True,4.5,2
S0617,7,True,5,4
S0618,1,False,,
S0618,2,True,2.2,4
S0618,3,False,,
S0618,4,True,2.5,3
S0618,5,True,1.9,3
S0618,6,True,2.5,4
S0618,7,False,,
S0619,1,False,,
S0619,2,True,2.9,7
S0619,3,True,2.7,7
S0619,4,False,,
S0619,5,True,2.9,8
S0619,6,False,,
S0619,7,True,4.1,8
S0620,1,True,4.0,5
S0620,2,False,,
S0620,3,True,4.2,4
S0620,4,False,,
S0620,5,False,,
S0620,6,True,4.0,5
S0620,7,True,4.0,4
S0621,1,True,3.6,4
S0621,2,True,3.1,7
S0621,3,True,2.6,4
S0621,4,True,3.2,5
S0621,5,True,2.7,4
S0621,6,True,3.0,5
S0621,7,False,,
S0622,1,True,2.3,0
S0622,2,False,,
S0622,3,False,,
S0622,4,True,2.4,0
S0622,5,True,2.7,1
S0622,6,True,2.6,2
S0622,7,True,3.1,1
S0623,1,True,3.6,7
S0623,2,True,3.6,6
S0623,3,True,3.3,5
S0623,4,False,,
S0623,5,True,3.6,7
S0623,6,True,3.8,8
S0623,7,False,,
S0624,1,True,3.9,4
S0624,2,True,3.7,3
S0624,3,False,,
S0624,4,False,,
S0624,5,False,,
S0624,6,True,3.3,3
S0624,7,True,2.9,1
S0625,1,True,2.5,2
S0625,2,True,2.8,3
S0625,3,True,2.7,3
S0625,4,True,2.5,2
S0625,5,True,3.3,4
S0625,6,True,2.1,1
S0625,7,True,2.9,2
S0626,1,False,,
S0626,2,False,,
S0626,3,False,,
S0626,4,True,3.2,6
S0626,5,False,,
S0626,6,True,3.1,6
S0626,7,True,3.0,5
S0627,1,True,3.8,3
S0627,2,True,4.1,2
S0627,3,True,4.2,3
S0627,4,False,,
S0627,5,True,4.2,4
S0627,6,True,4.1,1
S0627,7,True,4.2,3
S0628,1,True,2.9,4
S0628,2,False,,
S0628,3,True,3.3,4
S0628,4,False,,
S0628,5,False,,
S0628,6,True,3.7,7
S0628,7,False,,
S0629,1,True,5,4
S0629,2,True,5,2
S0629,3,False,,
S0629,4,True,4.9,3
S0629,5,True,5,4
S0629,6,False,,
S0629,7,True,5,4
S0630,1,True,4.7,4
S0630,2,False,,
S0630,3,True,5,3
S0630,4,True,4.2,5
S0630,5,True,4.2,4
S0630,6,False,,
S0630,7,False,,
S0631,1,True,3.6,2
S0631,2,True,2.9,2
S0631,3,True,2.7,1
S0631,4,False,,
S0631,5,True,2.5,0
S0631,6,True,2.3,1
S0631,7,True,2.4,0
S0632,1,False,,
S0632,2,False,,
S0632,3,True,4.1,1
S0632,4,False,,
S0632,5,True,3.7,3
S0632,6,True,4.0,1
S0632,7,False,,
S0633,1,True,5.0,8
S0633,2,False,,
S0633,3,True,4.2,7
S0633,4,True,4.7,7
S0633,5,True,5,6
S0633,6,False,,
S0633,7,True,5,8
S0634,1,True,4.5,3
S0634,2,True,4.5,3
S0634,3,False,,
S0634,4,False,,
S0634,5,False,,
S0634,6,False,,
S0634,7,False,,
S0635,1,True,4.9,5
S0635,2,False,,
S0635,3,True,4.8,5
S0635,4,False,,
S0635,5,False,,
S0635,6,True,4.8,3
S0635,7,False,,
S0636,1,True,2.9,6
S0636,2,True,3.3,5
S0636,3,False,,
S0636,4,False,,
S0636,5,True,2.8,7
S0636,6,False,,
S0636,7,True,2.8,5
S0637,1,True,2.9,1
S0637,2,True,2.9,1
S0637,3,True,3.2,1
S0637,4,True,3.5,1
S0637,5,True,3.5,0
S0637,6,True,3.4,2
S0637,7,True,2.6,1
S0638,1,False,,
S0638,2,True,4.7,5
S0638,3,False,,
S0638,4,True,4.2,4
S0638,5,True,4.1,5
S0638,6,False,,
S0638,7,True,4.7,4
S0639,1,True,3.8,5
S0639,2,False,,
S0639,3,False,,
S0639,4,True,3.1,6
S0639,5,False,,
S0639,6,False,,
S0639,7,True,3.4,4
S0640,1,True,3.0,1
S0640,2,True,3.6,1
S0640,3,False,,
S0640,4,True,2.8,1
S0640,5,True,2.8,1
S0640,6,True,2.8,1
S0640,7,True,2.7,0
S0641,1,True,3.1,2
S0641,2,True,3.2,4
S0641,3,False,,
S0641,4,True,3.1,3
S0641,5,False,,
S0641,6,True,3.4,4
S0641,7,True,3.2,2
S0642,1,True,4.0,8
S0642,2,True,3.3,7
S0642,3,False,,
S0642,4,False,,
S0642,5,True,4.0,6
S0642,6,True,3.8,7
S0642,7,False,,
S0643,1,True,4.5,5
S0643,2,False,,
S0643,3,True,4.1,5
S0643,4,False,,
S0643,5,True,4.5,5
S0643,6,False,,
S0643,7,False,,
S0644,1,True,2.9,6
S0644,2,False,,
S0644,3,True,3.4,1
S0644,4,False,,
S0644,5,True,3.1,2
S0644,6,True,2.7,2
S0644,7,False,,
S0645,1,True,3.2,5
S0645,2,True,3.7,7
S0645,3,True,3.2,7
S0645,4,True,3.7,6
S0645,5,False,,
S0645,6,True,3.5,6
S0645,7,False,,
S0646,1,True,3.5,2
S0646,2,True,3.0,2
S0646,3,False,,
S0646,4,False,,
S0646,5,False,,
S0646,6,False,,
S0646,7,True,3.2,1
S0647,1,False,,
S0647,2,True,2.9,5
S0647,3,False,,
S0647,4,True,3.2,8
S0647,5,True,3.3,7
S0647,6,True,3.1,7
S0647,7,True,3.4,8
S0648,1,True,3.5,6
S0648,2,True,3.4,3
S0648,3,False,,
S0648,4,True,3.2,3
S0648,5,True,3.3,5
S0648,6,True,3.1,4
S0648,7,True,2.7,8
S0649,1,True,2.6,2
S0649,2,True,2.1,2
S0649,3,False,,
S0649,4,False,,
S0649,5,False,,
S0649,6,False,,
S0649,7,False,,
S0650,1,True,2.5,1
S0650,2,True,2.2,0
S0650,3,True,2.5,0
S0650,4,True,3.3,0
S0650,5,True,2.7,0
S0650,6,False,,
S0650,7,True,2.8,2
S0651,1,True,4.8,6
S0651,2,True,4.9,4
S0651,3,True,4.6,5
S0651,4,True,3.9,6
S0651,5,True,4.2,5
S0651,6,True,4.7,6
S0651,7,True,4.5,7
S0652,1,True,2.9,2
S0652,2,True,3.4,1
S0652,3,False,,
S0652,4,True,2.5,2
S0652,5,True,3.0,0
S0652,6,False,,
S0652,7,True,2.9,1
S0653,1,True,2.8,5
S0653,2,True,2.7,6
S0653,3,True,3.1,5
S0653,4,False,,
S0653,5,True,3.4,6
S0653,6,True,2.8,4
S0653,7,False,,
S0654,1,True,3.5,7
S0654,2,False,,
S0654,3,True,3.4,7
S0654,4,True,3.1,5
S0654,5,False,,
S0654,6,True,2.3,4
S0654,7,False,,
S0655,1,False,,
S0655,2,True,3.2,5
S0655,3,False,,
S0655,4,False,,
S0655,5,False,,
S0655,6,False,,
S0655,7,True,3.4,5
S0656,1,True,3.2,5
S0656,2,True,3.5,5
S0656,3,True,2.9,5
S0656,4,True,3.4,7
S0656,5,True,3.3,6
S0656,6,False,,
S0656,7,False,,
S0657,1,True,4.0,9
S0657,2,True,4.2,10
S0657,3,True,3.5,10
S0657,4,False,,
S0657,5,True,3.5,8
S0657,6,True,3.4,10
S0657,7,True,3.9,9
S0658,1,True,3.3,5
S0658,2,True,3.2,6
S0658,3,True,3.4,7
S0658,4,True,3.3,5
S0658,5,False,,
S0658,6,False,,
S0658,7,True,3.4,5
S0659,1,False,,
S0659,2,True,3.0,4
S0659,3,True,3.2,3
S0659,4,False,,
S0659,5,True,3.0,6
S0659,6,True,3.1,4
S0659,7,True,2.5,3
S0660,1,False,,
S0660,2,True,3.5,2
S0660,3,True,4.2,3
S0660,4,True,3.8,3
S0660,5,True,3.5,4
S0660,6,True,3.5,4
S0660,7,True,3.6,2
S0661,1,False,,
S0661,2,True,5.0,7
S0661,3,False,,
S0661,4,True,3.6,9
S0661,5,True,3.9,10
S0661,6,False,,
S0661,7,False,,
S0662,1,False,,
S0662,2,False,,
S0662,3,True,3.2,5
S0662,4,True,3.3,4
S0662,5,False,,
S0662,6,True,3.1,7
S0662,7,True,3.1,4
S0663,1,True,3.7,5
S0663,2,True,3.7,4
S0663,3,True,3.5,4
S0663,4,True,4.0,5
S0663,5,False,,
S0663,6,False,,
S0663,7,False,,
S0664,1,False,,
S0664,2,False,,
S0664,3,False,,
S0664,4,False,,
S0664,5,True,1.6,4
S0664,6,False,,
S0664,7,True,2.2,3
S0665,1,True,2.7,1
S0665,2,True,2.8,0
S0665,3,True,2.7,2
S0665,4,True,3.0,2
S0665,5,True,3.1,1
S0665,6,False,,
S0665,7,False,,
S0666,1,True,2.3,1
S0666,2,True,2.5,2
S0666,3,True,2.9,0
S0666,4,False,,
S0666,5,True,2.9,1
S0666,6,True,2.6,0
S0666,7,False,,
S0667,1,True,4.3,3
S0667,2,True,5,3
S0667,3,True,5,4
S0667,4,True,5,4
S0667,5,False,,
S0667,6,True,5,4
S0667,7,True,4.8,5
S0668,1,True,4.3,5
S0668,2,False,,
S0668,3,True,4.0,6
S0668,4,False,,
S0668,5,False,,
S0668,6,False,,
S0668,7,True,4.0,3
S0669,1,True,3.9,4
S0669,2,True,4.0,4
S0669,3,True,3.6,3
S0669,4,True,3.6,4
S0669,5,True,3.8,4
S0669,6,True,3.5,3
S0669,7,False,,
S0670,1,True,3.5,6
S0670,2,True,3.2,3
S0670,3,False,,
S0670,4,True,2.6,3
S0670,5,True,2.8,6
S0670,6,False,,
S0670,7,False,,
S0671,1,True,4.3,8
S0671,2,False,,
S0671,3,True,4.1,8
S0671,4,True,4.2,6
S0671,5,False,,
S0671,6,True,4.0,6
S0671,7,True,3.7,6
S0672,1,True,5.0,5
S0672,2,False,,
S0672,3,True,4.1,4
S0672,4,True,4.6,4
S0672,5,True,4.4,3
S0672,6,False,,
S0672,7,False,,
S0673,1,False,,
S0673,2,False,,
S0673,3,True,2.5,0
S0673,4,False,,
S0673,5,True,2.0,0
S0673,6,True,2.5,0
S0673,7,True,2.2,0
S0674,1,True,3.6,4
S0674,2,True,3.4,2
S0674,3,True,4.1,4
S0674,4,True,3.7,4
S0674,5,True,3.2,3
S0674,6,False,,
S0674,7,True,3.2,3
S0675,1,False,,
S0675,2,True,3.7,4
S0675,3,False,,
S0675,4,False,,
S0675,5,False,,
S0675,6,False,,
S0675,7,True,3.0,1
S0676,1,False,,
S0676,2,False,,
S0676,3,True,3.7,4
S0676,4,False,,
S0676,5,True,4.4,5
S0676,6,False,,
S0676,7,False,,
S0677,1,True,4.1,3
S0677,2,True,3.9,5
S0677,3,False,,
S0677,4,False,,
S0677,5,False,,
S0677,6,False,,
S0677,7,True,4.5,4
S0678,1,False,,
S0678,2,False,,
S0678,3,True,2.9,6
S0678,4,False,,
S0678,5,False,,
S0678,6,False,,
S0678,7,False,,
S0679,1,False,,
S0679,2,True,2.1,0
S0679,3,False,,
S0679,4,True,2.3,3
S0679,5,True,2.7,2
S0679,6,False,,
S0679,7,True,2.6,0
S0680,1,True,3.4,7
S0680,2,True,4.4,5
S0680,3,False,,
S0680,4,True,4.7,4
S0680,5,False,,
S0680,6,True,4.7,5
S0680,7,False,,
S0681,1,False,,
S0681,2,True,3.8,7
S0681,3,True,3.9,8
S0681,4,True,4.3,7
S0681,5,False,,
S0681,6,True,3.4,6
S0681,7,False,,
S0682,1,False,,
S0682,2,True,4.2,4
S0682,3,True,4.0,4
S0682,4,True,4.2,5
S0682,5,True,4.2,4
S0682,6,False,,
S0682,7,False,,
S0683,1,True,3.4,4
S0683,2,False,,
S0683,3,True,3.7,3
S0683,4,True,3.9,4
S0683,5,True,4.1,5
S0683,6,True,3.7,4
S0683,7,False,,
S0684,1,True,3.0,4
S0684,2,True,2.2,5
S0684,3,True,2.7,5
S0684,4,False,,
S0684,5,True,3.0,4
S0684,6,True,2.4,4
S0684,7,True,2.1,8
S0685,1,True,3.9,4
S0685,2,True,3.8,2
S0685,3,True,3.5,1
S0685,4,True,3.2,4
S0685,5,True,3.2,0
S0685,6,True,3.3,1
S0685,7,False,,
S0686,1,True,2.9,4
S0686,2,False,,
S0686,3,False,,
S0686,4,False,,
S0686,5,True,2.6,3
S0686,6,True,2.2,3
S0686,7,False,,
S0687,1,False,,
S0687,2,False,,
S0687,3,True,4.3,4
S0687,4,True,4.1,4
S0687,5,True,4.5,3
S0687,6,True,4.4,3
S0687,7,True,4.1,4
S0688,1,False,,
S0688,2,False,,
S0688,3,True,2.3,1
S0688,4,False,,
S0688,5,False,,
S0688,6,False,,
S0688,7,False,,
S0689,1,True,3.8,4
S0689,2,False,,
S0689,3,False,,
S0689,4,False,,
S0689,5,False,,
S0689,6,True,2.4,2
S0689,7,False,,
S0690,1,False,,
S0690,2,True,4.3,4
S0690,3,False,,
S0690,4,True,3.8,4
S0690,5,True,4.3,4
S0690,6,True,3.6,6
S0690,7,True,4.3,5
S0691,1,True,2.6,2
S0691,2,False,,
S0691,3,False,,
S0691,4,True,3.0,2
S0691,5,True,3.1,4
S0691,6,False,,
S0691,7,True,2.6,3
S0692,1,True,4.2,5
S0692,2,False,,
S0692,3,True,3.8,3
S0692,4,True,3.7,3
S0692,5,False,,
S0692,6,False,,
S0692,7,False,,
S0693,1,True,4.0,4
S0693,2,True,3.6,3
S0693,3,True,3.9,3
S0693,4,False,,
S0693,5,True,3.2,4
S0693,6,True,4.2,4
S0693,7,False,,
S0694,1,False,,
S0694,2,False,,
S0694,3,True,1.2,4
S0694,4,True,2.3,5
S0694,5,True,1.5,7
S0694,6,True,2.7,6
S0694,7,True,1.6,5
S0695,1,True,3.4,6
S0695,2,True,3.6,7
S0695,3,True,3.7,5
S0695,4,False,,
S0695,5,True,3.7,5
S0695,6,True,3.5,6
S0695,7,True,3.7,6
S0696,1,False,,
S0696,2,True,3.0,0
S0696,3,True,3.3,1
S0696,4,True,3.0,1
S0696,5,False,,
S0696,6,True,3.0,1
S0696,7,True,3.6,1
S0697,1,False,,
S0697,2,False,,
S0697,3,False,,
S0697,4,True,4.2,5
S0697,5,True,4.7,4
S0697,6,True,4.1,5
S0697,7,True,3.8,5
S0698,1,True,2.7,0
S0698,2,False,,
S0698,3,False,,
S0698,4,True,2.5,2
S0698,5,True,2.9,1
S0698,6,True,2.7,0
S0698,7,False,,
S0699,1,True,4.4,2
S0699,2,True,4.6,2
S0699,3,True,4.3,1
S0699,4,True,4.3,0
S0699,5,True,3.6,0
S0699,6,False,,
S0699,7,True,4.5,1
S0700,1,True,4.3,5
S0700,2,True,4.7,3
S0700,3,True,4.2,1
S0700,4,True,4.4,3
S0700,5,False,,
S0700,6,True,4.1,4
S0700,7,False,,
